nombre,organismo,tipo,estado,descripcion,monto_min,monto_max,moneda,fecha_apertura,fecha_cierre,url,region,score_hak,internacional,created_at
FNDR Social — Proyectos de Organizaciones Sociales,GORE La Araucanía / SUBDERE,comunitario,proximo,Fondo Nacional de Desarrollo Regional. Financia proyectos sociales de organizaciones de la sociedad civil.,5000000.0,100000000.0,CLP,,,https://www.google.com/search?q=%22FNDR%20Social%20%E2%80%94%20Proyectos%20de%20Organizaciones%20Sociales%22%20GORE%20La%20Araucan%C3%ADa%20/%20SUBDERE%20postulaci%C3%B3n%202026,La Araucanía,66,0,2026-04-12 15:39:55
Fundación Calouste Gulbenkian — Educación y Cultura,Fundación Gulbenkian (Portugal/Internacional),cultural,proximo,"Apoya proyectos de educación, ciencia y cultura en ALC. Especial interés en educación inclusiva e innovación social.",20000.0,200000.0,EUR,,,https://www.google.com/search?q=%22Fundaci%C3%B3n%20Calouste%20Gulbenkian%20%E2%80%94%20Educaci%C3%B3n%20y%20Cultura%22%20Fundaci%C3%B3n%20Gulbenkian%20%28Portugal/Internacional%29%20postulaci%C3%B3n%202026,,63,1,2026-04-12 15:39:55
SENADIS — Proyectos de Inclusión,SENADIS,comunitario,proximo,Servicio Nacional de la Discapacidad. Fondos para proyectos de inclusión y participación de personas con discapacidad.,2000000.0,20000000.0,CLP,,,https://www.senadis.gob.cl,,62,0,2026-04-12 15:39:55
FNDR 8% — Vinculación con la Comunidad,GORE La Araucanía,comunitario,proximo,"Fondo regional con 9 líneas: cultura, seguridad ciudadana, medioambiente, deporte, adulto mayor, proyectos sociales, infraestructura comunitaria, participación ciudadana. Para organizaciones sin fines de lucro.",1000000.0,50000000.0,CLP,,,https://fndr8.gorearaucania.cl/,La Araucanía,60,0,2026-04-12 16:28:27
BID Lab — Innovación para el Desarrollo,BID / IDB,mixto,abierto,"Laboratorio de innovación del Banco Interamericano. Fondos para innovación social, tecnología y emprendimiento en ALC.",50000.0,500000.0,USD,,,https://bidlab.org,,51,1,2026-04-22 04:45:45
FONDART Regional — Creación Artística,"Ministerio de las Culturas, Artes y el Patrimonio",cultural,proximo,"Fondo de apoyo a la creación artística regional. Líneas: creación, residencias, formación, circulación.",2000000.0,30000000.0,CLP,,,https://www.fondosdecultura.cl/convocatorias-abiertas/,,50,0,2026-04-12 15:39:55
FONDART Nacional — Creación Artística,"Ministerio de las Culturas, Artes y el Patrimonio",cultural,proximo,"Fondo nacional de apoyo a las artes. Múltiples disciplinas: artes visuales, música, teatro, danza, literaturas, audiovisual.",5000000.0,80000000.0,CLP,,,https://www.fondosdecultura.cl/convocatorias-abiertas/,,50,0,2026-04-12 15:39:55
Fondo del Libro y la Lectura,"Ministerio de las Culturas, Artes y el Patrimonio",cultural,proximo,"Apoyo a la creación literaria, edición, distribución y fomento lector.",2000000.0,40000000.0,CLP,,,https://www.fondosdecultura.cl/convocatorias-abiertas/,,50,0,2026-04-12 15:39:55
Fondo del Patrimonio Cultural,"Ministerio de las Culturas, Artes y el Patrimonio",cultural,proximo,"Conservación, difusión y puesta en valor del patrimonio cultural material e inmaterial.",5000000.0,50000000.0,CLP,,,https://www.fondosdecultura.cl/convocatorias-abiertas/,,50,0,2026-04-12 15:39:55
Fondo Audiovisual,"Ministerio de las Culturas, Artes y el Patrimonio",cultural,proximo,"Fomento al desarrollo, producción y distribución de obras audiovisuales chilenas.",5000000.0,100000000.0,CLP,,,https://www.fondosdecultura.cl/convocatorias-abiertas/,,50,0,2026-04-12 15:39:55
FONDART Nacional — Creación Artística,"Ministerio de las Culturas, Artes y el Patrimonio",cultural,desconocido,"Fondo nacional de apoyo a las artes: artes visuales, música, teatro, danza, literaturas, audiovisual, arte urbano.",5000000.0,80000000.0,CLP,,,https://www.fondos.gob.cl/ficha/mincap/fondart-nacional/,,50,0,2026-04-12 16:02:18
Fondo del Libro y la Lectura: Premios Literarios 2026,"Ministerio de las Culturas, Artes y el Patrimonio",cultural,abierto,"Fomento a la creación literaria. Premios para obras inéditas en prosa, poesía y otras categorías.",350000.0,8660000.0,CLP,,17-04-2026,https://www.fondos.gob.cl/ficha/mincap/premiosliterarios-2026/,,50,0,2026-04-12 16:02:18
Fondo del Patrimonio Cultural (FPC),"Ministerio de las Culturas, Artes y el Patrimonio",cultural,desconocido,"Conservación, investigación y difusión del patrimonio cultural material e inmaterial de Chile.",5000000.0,50000000.0,CLP,,,https://www.fondos.gob.cl/ficha/mincap/patrimoniocultural/,,50,0,2026-04-12 16:02:18
Fondo Audiovisual,"Ministerio de las Culturas, Artes y el Patrimonio",cultural,desconocido,"Fomento al desarrollo, producción y distribución de obras audiovisuales chilenas. Incluye documentales, ficción, animación.",5000000.0,100000000.0,CLP,,,https://www.fondos.gob.cl/ficha/mincap/fondoaudiovisual/,,50,0,2026-04-12 16:02:18
Fondo de las Artes Escénicas — Asistencia Internacional,"Ministerio de las Culturas, Artes y el Patrimonio",cultural,abierto,Apoyo para artistas escénicos chilenos que participan en instancias internacionales.,500000.0,5000000.0,CLP,,29-04-2026,https://www.fondos.gob.cl/ficha/mincap/fae_asistencias_internacionales/,,50,0,2026-04-12 16:02:18
PMI — Mejoramiento Integral Bibliotecas Públicas,"Ministerio de las Culturas, Artes y el Patrimonio",cultural,abierto,Programa de mejoramiento para bibliotecas públicas municipales. Fondo de hasta $300M.,10000000.0,300000000.0,CLP,,12-04-2026,https://www.fondos.gob.cl/ficha/mincap/snpc-bibliotecas-publicas/,,50,0,2026-04-12 16:02:18
FNDR 8% Social — Arica y Parinacota,GORE Arica y Parinacota,comunitario,proximo,"Fondo Nacional de Desarrollo Regional (8% social) Región XV. Financia proyectos de organizaciones sin fines de lucro. Líneas habituales: educación, cultura, deporte, medioambiente, social, infraestructura comunitaria, adulto mayor, seguridad ciudadana. Cada GORE define sus líneas anuales.",500000.0,50000000.0,CLP,,,https://www.google.com/search?q=FNDR+8%25+Arica+y+Parinacota+concurso+2026+postulaci%C3%B3n+site%3Agorearica.cl,Arica y Parinacota,50,0,2026-04-12 16:39:35
FNDR 8% Social — Tarapacá,GORE Tarapacá,comunitario,proximo,"Fondo Nacional de Desarrollo Regional (8% social) Región I. Financia proyectos de organizaciones sin fines de lucro. Líneas habituales: educación, cultura, deporte, medioambiente, social, infraestructura comunitaria, adulto mayor, seguridad ciudadana. Cada GORE define sus líneas anuales.",500000.0,50000000.0,CLP,,,https://www.google.com/search?q=FNDR+8%25+Tarapac%C3%A1+concurso+2026+postulaci%C3%B3n+site%3Agoretarapaca.gov.cl,Tarapacá,50,0,2026-04-12 16:39:35
FNDR 8% Social — Antofagasta,GORE Antofagasta,comunitario,proximo,"Fondo Nacional de Desarrollo Regional (8% social) Región II. Financia proyectos de organizaciones sin fines de lucro. Líneas habituales: educación, cultura, deporte, medioambiente, social, infraestructura comunitaria, adulto mayor, seguridad ciudadana. Cada GORE define sus líneas anuales.",500000.0,50000000.0,CLP,,,https://www.google.com/search?q=FNDR+8%25+Antofagasta+concurso+2026+postulaci%C3%B3n+site%3Agoreantofagasta.cl,Antofagasta,50,0,2026-04-12 16:39:35
FNDR 8% Social — Atacama,GORE Atacama,comunitario,proximo,"Fondo Nacional de Desarrollo Regional (8% social) Región III. Financia proyectos de organizaciones sin fines de lucro. Líneas habituales: educación, cultura, deporte, medioambiente, social, infraestructura comunitaria, adulto mayor, seguridad ciudadana. Cada GORE define sus líneas anuales.",500000.0,50000000.0,CLP,,,https://www.google.com/search?q=FNDR+8%25+Atacama+concurso+2026+postulaci%C3%B3n+site%3Agoreatacama.cl,Atacama,50,0,2026-04-12 16:39:35
FNDR 8% Social — Coquimbo,GORE Coquimbo,comunitario,proximo,"Fondo Nacional de Desarrollo Regional (8% social) Región IV. Financia proyectos de organizaciones sin fines de lucro. Líneas habituales: educación, cultura, deporte, medioambiente, social, infraestructura comunitaria, adulto mayor, seguridad ciudadana. Cada GORE define sus líneas anuales.",500000.0,50000000.0,CLP,,,https://www.google.com/search?q=FNDR+8%25+Coquimbo+concurso+2026+postulaci%C3%B3n+site%3Agorecoquimbo.cl,Coquimbo,50,0,2026-04-12 16:39:35
FNDR 8% Social — Valparaíso,GORE Valparaíso,comunitario,proximo,"Fondo Nacional de Desarrollo Regional (8% social) Región V. Financia proyectos de organizaciones sin fines de lucro. Líneas habituales: educación, cultura, deporte, medioambiente, social, infraestructura comunitaria, adulto mayor, seguridad ciudadana. Cada GORE define sus líneas anuales.",500000.0,50000000.0,CLP,,,https://www.google.com/search?q=FNDR+8%25+Valpara%C3%ADso+concurso+2026+postulaci%C3%B3n+site%3Agorevalparaiso.cl,Valparaíso,50,0,2026-04-12 16:39:35
FNDR 8% Social — Metropolitana,GORE Metropolitana,comunitario,proximo,"Fondo Nacional de Desarrollo Regional (8% social) Región RM. Financia proyectos de organizaciones sin fines de lucro. Líneas habituales: educación, cultura, deporte, medioambiente, social, infraestructura comunitaria, adulto mayor, seguridad ciudadana. Cada GORE define sus líneas anuales.",500000.0,50000000.0,CLP,,,https://www.google.com/search?q=FNDR+8%25+Metropolitana+concurso+2026+postulaci%C3%B3n+site%3Agorerm.cl,Metropolitana,50,0,2026-04-12 16:39:35
FNDR 8% Social — O'Higgins,GORE O'Higgins,comunitario,proximo,"Fondo Nacional de Desarrollo Regional (8% social) Región VI. Financia proyectos de organizaciones sin fines de lucro. Líneas habituales: educación, cultura, deporte, medioambiente, social, infraestructura comunitaria, adulto mayor, seguridad ciudadana. Cada GORE define sus líneas anuales.",500000.0,50000000.0,CLP,,,https://www.google.com/search?q=FNDR+8%25+O%27Higgins+concurso+2026+postulaci%C3%B3n+site%3Agoreohiggins.cl,O'Higgins,50,0,2026-04-12 16:39:35
FNDR 8% Social — Maule,GORE Maule,comunitario,proximo,"Fondo Nacional de Desarrollo Regional (8% social) Región VII. Financia proyectos de organizaciones sin fines de lucro. Líneas habituales: educación, cultura, deporte, medioambiente, social, infraestructura comunitaria, adulto mayor, seguridad ciudadana. Cada GORE define sus líneas anuales.",500000.0,50000000.0,CLP,,,https://www.google.com/search?q=FNDR+8%25+Maule+concurso+2026+postulaci%C3%B3n+site%3Agoremaule.cl,Maule,50,0,2026-04-12 16:39:35
FNDR 8% Social — Biobío,GORE Biobío,comunitario,proximo,"Fondo Nacional de Desarrollo Regional (8% social) Región VIII. Financia proyectos de organizaciones sin fines de lucro. Líneas habituales: educación, cultura, deporte, medioambiente, social, infraestructura comunitaria, adulto mayor, seguridad ciudadana. Cada GORE define sus líneas anuales.",500000.0,50000000.0,CLP,,,https://www.google.com/search?q=FNDR+8%25+Biob%C3%ADo+concurso+2026+postulaci%C3%B3n+site%3Agorebiobio.cl,Biobío,50,0,2026-04-12 16:39:35
FNDR 8% Social — Ñuble,GORE Ñuble,comunitario,proximo,"Fondo Nacional de Desarrollo Regional (8% social) Región XVI. Financia proyectos de organizaciones sin fines de lucro. Líneas habituales: educación, cultura, deporte, medioambiente, social, infraestructura comunitaria, adulto mayor, seguridad ciudadana. Cada GORE define sus líneas anuales.",500000.0,50000000.0,CLP,,,https://www.google.com/search?q=FNDR+8%25+%C3%91uble+concurso+2026+postulaci%C3%B3n+site%3Agoreniuble.cl,Ñuble,50,0,2026-04-12 16:39:35
FNDR 8% Social — Los Ríos,GORE Los Ríos,comunitario,proximo,"Fondo Nacional de Desarrollo Regional (8% social) Región XIV. Financia proyectos de organizaciones sin fines de lucro. Líneas habituales: educación, cultura, deporte, medioambiente, social, infraestructura comunitaria, adulto mayor, seguridad ciudadana. Cada GORE define sus líneas anuales.",500000.0,50000000.0,CLP,,,https://www.google.com/search?q=FNDR+8%25+Los+R%C3%ADos+concurso+2026+postulaci%C3%B3n+site%3Agorelosrios.cl,Los Ríos,50,0,2026-04-12 16:39:35
FNDR 8% Social — Los Lagos,GORE Los Lagos,comunitario,proximo,"Fondo Nacional de Desarrollo Regional (8% social) Región X. Financia proyectos de organizaciones sin fines de lucro. Líneas habituales: educación, cultura, deporte, medioambiente, social, infraestructura comunitaria, adulto mayor, seguridad ciudadana. Cada GORE define sus líneas anuales.",500000.0,50000000.0,CLP,,,https://www.google.com/search?q=FNDR+8%25+Los+Lagos+concurso+2026+postulaci%C3%B3n+site%3Agoreloslagos.cl,Los Lagos,50,0,2026-04-12 16:39:35
FNDR 8% Social — Aysén,GORE Aysén,comunitario,proximo,"Fondo Nacional de Desarrollo Regional (8% social) Región XI. Financia proyectos de organizaciones sin fines de lucro. Líneas habituales: educación, cultura, deporte, medioambiente, social, infraestructura comunitaria, adulto mayor, seguridad ciudadana. Cada GORE define sus líneas anuales.",500000.0,50000000.0,CLP,,,https://www.google.com/search?q=FNDR+8%25+Ays%C3%A9n+concurso+2026+postulaci%C3%B3n+site%3Agoreaysen.cl,Aysén,50,0,2026-04-12 16:39:35
FNDR 8% Social — Magallanes,GORE Magallanes,comunitario,proximo,"Fondo Nacional de Desarrollo Regional (8% social) Región XII. Financia proyectos de organizaciones sin fines de lucro. Líneas habituales: educación, cultura, deporte, medioambiente, social, infraestructura comunitaria, adulto mayor, seguridad ciudadana. Cada GORE define sus líneas anuales.",500000.0,50000000.0,CLP,,,https://www.google.com/search?q=FNDR+8%25+Magallanes+concurso+2026+postulaci%C3%B3n+site%3Agoremagallanes.cl,Magallanes,50,0,2026-04-12 16:39:35
FOAL — Fundación ONCE para América Latina,ONCE Internacional / Grupo Social ONCE,comunitario,abierto,"Fondo específico para inclusión de personas con discapacidad visual en América Latina. Financia educación inclusiva, empleo, accesibilidad. Opera en 19 países Latam incluyendo Chile. Alineación perfecta con Fundación HAK.",5000.0,100000.0,EUR,,,https://gruposocialonce.com/en/accion-internacional,,50,1,2026-04-12 20:36:11
Perkins International — Programas Educación Inclusiva Visual,Perkins School for the Blind (USA),comunitario,abierto,"La escuela que formó a Anne Sullivan (maestra de Helen Keller) financia y asesora programas de educación para personas con discapacidad visual en Latam. Ofrece capacitación, materiales y conexión con red global. Relevancia simbólica y práctica para Fundación HAK.",5000.0,50000.0,USD,,,https://www.perkins.org/,,50,1,2026-04-12 20:36:11
Fondo Chile (UNDP + AGCID),PNUD + Cancillería,mixto,proximo,Cooperación sur-sur. HAK puede liderar proyecto exportando metodología ATE/PIE/PME a otro país LATAM.,50000000.0,80000000.0,CLP,,,https://fondochile.cl/convocatoria-2026/,,50,0,2026-05-11 18:03:41
CBM — Christoffel-Blindenmission (Proyectos Ceguera Latam),CBM International,comunitario,abierto,ONG alemana especializada en ceguera y discapacidad múltiple. Financia organizaciones locales que trabajan con personas con discapacidad visual en países de bajos y medianos ingresos. Alta relevancia para HAK en comunidades rurales de La Araucanía.,10000.0,200000.0,EUR,,,https://www.cbm.org/,,48,1,2026-04-12 20:36:11
[COLABORACIÓN] BID — Programa Resiliencia ante Desastres Chile (USD 10M),Banco Interamericano de Desarrollo (BID),mixto,proximo,"[COLABORACIÓN GOBIERNO-A-GOBIERNO] Programa 'Preparados y Resilientes en las Américas' 2025-2030 con USD 10M no reembolsables + créditos. 3 pilares: gobernanza, monitoreo/infraestructura, respuesta. SERNAGEOMIN accede como EJECUTOR TÉCNICO del componente monitoreo si el gobierno de Chile así lo prioriza. VÍA DE ACCESO: coordinación con Ministerio de Hacienda + Ministerio de Minería + representante BID Chile.",100000.0,10000000.0,USD,,,https://www.iadb.org/en/sector/reform-modernization-state/dialogue-disaster-risk-management,Nacional,45,1,2026-04-22 04:53:17
US Embassy — Public Diplomacy Small Grants,Embajada EE.UU.,comunitario,proximo,"Educación, inglés, intercambio cultural. Capacitación docente con metodologías US.",8000000.0,40000000.0,CLP,,,https://cl.usembassy.gov/grants-corner/,,44,1,2026-05-11 18:03:41
Subvención Presidencial — Fortalecimiento Sociedad Civil,Ministerio Desarrollo Social,comunitario,proximo,Subvención discrecional anual para fundaciones y ONGs con impacto social. Priorización política.,5000000.0,100000000.0,CLP,,,https://programassociales.ministeriodesarrollosocial.gob.cl/programa_subvenciones,,38,0,2026-05-11 18:03:41
Australia Direct Aid Program (DAP),Embajada Australia,comunitario,proximo,"Educación inclusiva, género, DDHH. Cubre Chile + Perú + Bolivia + Ecuador. Hasta AUD 100K.",5000000.0,60000000.0,CLP,,,https://chile.embassy.gov.au/scleenglish/application.html,,38,1,2026-05-11 18:03:41
Fundación Educacional Arauco — Programas Rurales,Fundación Educacional Arauco,comunitario,abierto,"Capacitación docente escuelas rurales. Cubre Maule, Ñuble, Biobío, Los Ríos, ahora SLEP Costa Araucanía. Competidor + posible socio.",0.0,0.0,CLP,,,https://www.fundacionarauco.cl/,La Araucanía,38,0,2026-05-11 18:03:41
SENADIS — Tránsito a la Vida Independiente (TVI),SENADIS,comunitario,proximo,Programa para personas con discapacidad que viven en situación de dependencia institucional. Apoya la transición hacia vida independiente con apoyos comunitarios. Complementario al FONAPI.,2000000.0,15000000.0,CLP,,,https://www.senadis.gob.cl/pag/12/45/proyectos_inclusion,,32,0,2026-04-12 20:36:11
FONAPI — Fondo Nacional de Proyectos Inclusivos,SENADIS,comunitario,proximo,"Fondo exclusivo para proyectos de inclusión social de personas con discapacidad. Montos según número de beneficiarios ($10M-$30M). Activo, convocatoria mayo-junio. Verificado 2025.",10000000.0,30000000.0,CLP,,,https://www.senadis.gob.cl/pag/12/45/proyectos_inclusion/pag/754/1756/fondo_concursable_senadis,,32,0,2026-04-12 20:36:11
INJUV — Fondo Acción Joven OMJ,INJUV,comunitario,proximo,Proyectos para jóvenes 18-29 años. HAK podría línea capacitación docentes nuevos / mentoría.,1000000.0,5000000.0,CLP,,,https://www.google.com/search?q=%22INJUV%20%E2%80%94%20Fondo%20Acci%C3%B3n%20Joven%20OMJ%22%20INJUV%20postulaci%C3%B3n%202026,,32,0,2026-05-11 18:03:41
Fundación La Caixa — Cooperación Internacional,Fundación La Caixa (España),comunitario,proximo,Hasta EUR 50K para 18 meses. Requiere ONGD española como solicitante + socio chileno (HAK). Chile mencionado.,20000000.0,50000000.0,CLP,,,https://fundacionlacaixa.org/es/convocatorias-sociales-cooperacion-internacional,,32,1,2026-05-11 18:03:41
Fundación MAPFRE — Cooperación Chile,Fundación MAPFRE (España),comunitario,abierto,Educación integral. Tienen proyectos activos en Chile. Acuerdos directos con ONG.,5000000.0,40000000.0,CLP,,,https://www.fundacionmapfre.org/en/social-action/international-projects/chile/,,32,1,2026-05-11 18:03:41
Fundación SURA — Calidad Educación / Cultura LATAM,Fundación SURA (Colombia/Chile),comunitario,proximo,Líneas calidad educación + cultura. Hasta USD 100K. Tiene operación en Chile.,10000000.0,95000000.0,CLP,,,https://www.fundacionsura.com/fundacion-sura-en-chile/,,32,1,2026-05-11 18:03:41
FNDR 2% — Iniciativas de Inversión Regional La Araucanía,GORE La Araucanía,mixto,abierto,"Fondo Nacional de Desarrollo Regional para proyectos de inversión en infraestructura, equipamiento y construcción. Organismos públicos, municipalidades y servicios pueden postular. Ideal para infraestructura edilicia, equipamiento tecnológico, renovación de instalaciones. Convocatoria abierta 2025.",20000000.0,2000000000.0,CLP,,,https://gorearaucania.cl/index.php?id=303,La Araucanía,30,0,2026-04-22 04:31:05
"FNDR 6% — Deporte, Cultura, Seguridad, Medioambiente La Araucanía",GORE La Araucanía,comunitario,abierto,"Fondo para proyectos en líneas de deporte, cultura, seguridad ciudadana y medioambiente. Hasta $25M para municipios; hasta $5M para privados. Incluye seguridad comunitaria que puede vincularse con alertas tempranas volcánicas.",2000000.0,25000000.0,CLP,,,https://gorearaucania.cl/index.php?id=1143,La Araucanía,30,0,2026-04-22 04:31:05
FNDR Inversión Regional (2%) — La Araucanía,GORE La Araucanía,mixto,abierto,"Fondo Nacional de Desarrollo Regional para inversión pública. Postulantes elegibles: Servicios Públicos, Municipalidades, Universidades Estatales. SERNAGEOMIN puede postular como servicio público nacional. Requiere proyecto inscrito en BIP (Banco Integrado de Proyectos) con recomendación técnica MIDEPLAN. Útil para infraestructura edilicia, equipamiento tecnológico, renovación de instalaciones. La aprobación final la da el CORE regional.",20000000.0,2000000000.0,CLP,,,https://gorearaucania.cl/index.php?id=303,La Araucanía,30,0,2026-04-22 04:45:45
FNDR 6% Seguridad/Medioambiente — La Araucanía,GORE La Araucanía,comunitario,abierto,"Fondo para proyectos en líneas de deporte, cultura, SEGURIDAD CIUDADANA y medioambiente. SERNAGEOMIN podría acceder bajo línea 'seguridad' si el monitoreo volcánico se clasifica como seguridad regional (alerta temprana a población). Hasta $25M para municipios; hasta $5M para privados. Requiere BIP y alineación con prioridades regionales.",2000000.0,25000000.0,CLP,,,https://gorearaucania.cl/index.php?id=1143,La Araucanía,30,0,2026-04-22 04:45:45
"FNDR 8%, Organizaciones Privadas, Año 2026",GORE La Araucanía,mixto,proximo,"FNDR 8%, Organizaciones Privadas, Año 2026",,,CLP,,,https://fndr8.gorearaucania.cl/,La Araucanía,30,0,2026-05-06 04:18:06
"FNDR 8%, Municipalidades , Año 202 6",GORE La Araucanía,mixto,desconocido,"FNDR 8%, Municipalidades , Año 202 6",,,CLP,,,https://fndr8.gorearaucania.cl/,La Araucanía,30,0,2026-05-06 04:18:06
Revisa las Bases del concurso FNDR 8%,GORE La Araucanía,mixto,desconocido,Revisa las Bases del concurso FNDR 8%,,,CLP,,,https://fndr8.gorearaucania.cl/,La Araucanía,30,0,2026-05-06 04:18:06
Panel de Inversión 2025,GORE La Araucanía,mixto,desconocido,"La presente sección constituye una herramienta de transparencia y modernización del Gobierno Regional de La Araucanía, orientada a la visualización de la inversión realizada durante el periodo de años 2021-2025. El objetivo principal es permitir el análisis de la dinámica de inversión de recursos públicos bajo criterios de equidad territorial y coherencia estratégica con los instrumentos de planificación regional vigentes. La información se estructura a partir de la Estrategia Regional de Desarr",,,CLP,,,https://gorearaucania.cl/panel-de-inversion-2025-2026,La Araucanía,30,0,2026-05-06 04:22:00
Panel de Inversión 2026,GORE La Araucanía,mixto,proximo,Bienvenido a la plataforma de transparencia del Gobierno Regional de La Araucanía para el periodo 2026. ¿Qué puedes analizar en este panel? Comparativa Histórica: Avance de la inversión del último mes. Prioridades de Inversión: Identificación de sectores con mayor inversión.,,,CLP,,,https://gorearaucania.cl/panel-de-inversion-2025-2026,La Araucanía,30,0,2026-05-06 04:22:00
Subt. 31: Iniciativas de Inversión,GORE La Araucanía,mixto,desconocido,"Infraestructura crítica: Agua potable rural (APR), salud y mejoramiento vial.",,,CLP,,,https://gorearaucania.cl/panel-de-inversion-2025-2026,La Araucanía,30,0,2026-05-06 04:22:00
"En el siguiente panel, se observa una comparación del avance de la inversión realizada durante al año 2026 hasta la fecha, con el mismo periodo del año anterior, información desagregada por subtítulo ",GORE La Araucanía,mixto,proximo,"En el siguiente panel, se observa una comparación del avance de la inversión realizada durante al año 2026 hasta la fecha, con el mismo periodo del año anterior, información desagregada por subtítulo de inversión.",,,CLP,,,https://gorearaucania.cl/panel-de-inversion-2025-2026,La Araucanía,30,0,2026-05-06 04:22:00
Fondo Regional para la Productividad y Desarrollo,GORE La Araucanía,mixto,desconocido,,,,CLP,,,https://gorearaucania.cl/storage/web/assets/f_r_p_d/Anexos%20FRPD%20(2).docx,La Araucanía,30,0,2026-05-06 04:22:00
Tutorial: ¿Cómo Postular al FRPD?,GORE La Araucanía,mixto,abierto,Te invitamos a ver el siguiente video instructivo donde se explica el paso a paso para realizar tu postulación de manera correcta.,,,CLP,,,https://gorearaucania.cl/fondo-regional-productividad-desarrollo,La Araucanía,30,0,2026-05-06 04:22:00
Bases y Documentos Descargables,GORE La Araucanía,mixto,cerrado,Resolución Exenta N°474 extiende el plazo de evaluación técnica.(PDF) Revisa Resolución Exenta N°474 extiende el plazo de Evaluación Técnica hasta el 11.05.2026. Fé de erratas(PDF) Revisa Fé de erratas del acta de sesión resultado de reposiciones y cierre de admisibilidad fondo regional para la productividad y el desarrollo 2025 para entidades privadas.. Acta Final de Resolución de Reposiciones (PDF) Revisa el listado final de iniciativas que avanzan a la etapa de Evaluación Técnica. Acta de Adm,,,CLP,,,https://gorearaucania.cl/storage/web/assets/f_r_p_d/Anexos%20FRPD%20(2).docx,La Araucanía,30,0,2026-05-06 04:22:00
Bases del Concurso (PDF),GORE La Araucanía,mixto,desconocido,Bases administrativas y técnicas completas.,,,CLP,,,https://gorearaucania.cl/fondo-regional-productividad-desarrollo,La Araucanía,30,0,2026-05-06 04:22:00
Cronograma del Concurso,GORE La Araucanía,mixto,cerrado,Etapa / Hito Desde Hasta Apertura de convocatoria 02.12.2025 - Consultas al concurso 02.12.2025 15.01.2026 Respuestas a consultas 20.01.2026 - Cierre de Postulaciones 02.12.2025 30.01.2026 (23:59 hrs) Proceso de Admisibilidad 02.02.2026 13.02.2026 Etapa Reconsideración Admisibilidad 16.02.2026 20.02.2026 Proceso de Revisión de Reposición 23.02.2026 06.03.2026 Evaluación Técnica 09.03.2026 11.05.2026 Aprobación de iniciativas 21.02.2026 02.04.2026,,,CLP,,,https://gorearaucania.cl/fondo-regional-productividad-desarrollo,La Araucanía,30,0,2026-05-06 04:22:00
Fondo Regional de Infraestructura Local,GORE La Araucanía,mixto,desconocido,,,,CLP,,,https://gorearaucania.cl/fril,La Araucanía,30,0,2026-05-06 04:22:00
"¿Qué es el FRIL? El FRIL es un mecanismo de inversión del Gobierno Regional de La Araucanía, aprobado por el Consejo Regional, que financia proyectos de infraestructura comunal de hasta 5.000 UTM. Su ",GORE La Araucanía,mixto,desconocido,"¿Qué es el FRIL? El FRIL es un mecanismo de inversión del Gobierno Regional de La Araucanía, aprobado por el Consejo Regional, que financia proyectos de infraestructura comunal de hasta 5.000 UTM. Su operación se rige por el “Instructivo para la Operación del FRIL”, el cual es publicado en esta página.",,,CLP,,,https://gorearaucania.cl/fril,La Araucanía,30,0,2026-05-06 04:22:00
GEF Small Grants Programme (SGP),UNDP / Fondo para el Medio Ambiente Mundial,comunitario,abierto,"Subvenciones pequeñas para ONGs y organizaciones comunitarias en Chile. Foco: pueblos indígenas, mujeres, juventud. Biodiversidad, cambio climático, contaminantes, degradación de suelos, aguas internacionales.",10000.0,75000.0,USD,,,https://sgp.undp.org/,,26,1,2026-04-12 16:28:27
Open Society Foundations — América Latina,Open Society Foundations (EE.UU.),comunitario,abierto,"USD 19.5M para justicia medioambiental y crecimiento económico justo en ALC. Apoya sociedad civil, derechos indígenas, mujeres, comunidades afrodescendientes. Solicitud mediante carta de consulta (sin plazo fijo).",20000.0,500000.0,USD,,,https://www.opensocietyfoundations.org/what-we-do/regions/latin-america-and-the-caribbean,,26,1,2026-04-12 16:28:27
Fondation Botnar — Fit4Future (Tecnología y Juventud),Fondation Botnar (Suiza),mixto,proximo,"Fundación suiza que financia tecnología digital para mejorar la vida de niños y jóvenes en ciudades de países en desarrollo. Programas activos en Latam (Colombia, Ecuador, expansión 2025). Relevante para Geoimagen en edu-tech con impacto social.",50000.0,500000.0,EUR,,,https://www.fondationbotnar.org/funding-opportunities/,,26,1,2026-04-12 20:36:11
Fundación Lepe — Fondo Común Regenerativo,Fundación Lepe (Chile),comunitario,cerrado,"Fondo chileno privado para proyectos socioambientales. Última convocatoria 2023 (hasta $30M). Suspendió convocatoria 2025 — verificar 2026. Enfoque: desarrollo regenerativo, comunidades vulnerables.",5000000.0,30000000.0,CLP,,,https://fondocomun.cl/,,26,0,2026-04-12 20:36:11
[COLABORACIÓN] UNDRR — UN Office for Disaster Risk Reduction,Naciones Unidas - UNDRR,mixto,proximo,"[COLABORACIÓN MULTILATERAL] UNDRR otorga grants SOLO a ONGs (no organismos públicos directos). SERNAGEOMIN puede acceder indirectamente como socio técnico de una ONG chilena en proyectos de Reducción del Riesgo de Desastres. VÍA DE ACCESO: alianza con ONG chilena (ej. Fundaciones Red Cruz, RedHum, o CIGIDEN) que postule con SERNAGEOMIN como implementador técnico.",20000.0,500000.0,USD,,,https://www.google.com/search?q=%22%5BCOLABORACI%C3%93N%5D%20UNDRR%20%E2%80%94%20UN%20Office%20for%20Disaster%20Risk%20Reduction%22%20Naciones%20Unidas%20-%20UNDRR%20postulaci%C3%B3n%202026,Nacional,26,1,2026-04-22 04:53:17
Fondo de Fortalecimiento de Organizaciones de Interés Público (FFOIP),Ministerio Secretaría General de Gobierno,comunitario,proximo,"Para fundaciones y ONGs. Fortalecimiento institucional, formación, proyectos sociales.",1500000.0,15000000.0,CLP,,,https://www.fondodefortalecimiento.gob.cl/,,26,0,2026-05-11 18:03:41
Canada Fund for Local Initiatives (CFLI) — Chile,Embajada Canadá,comunitario,proximo,"Pueblos indígenas, género, DDHH. HAK proyecto educación intercultural mapuche encaja perfecto.",10000000.0,80000000.0,CLP,,,https://www.international.gc.ca/world-monde/funding-financement/cfli-fcil/index.aspx?lang=eng,,26,1,2026-05-11 18:03:41
Microproyectos Embajada Alemania (Kleinstprojekte),Embajada Alemania,comunitario,proximo,Microproyectos hasta EUR 25K. Resultados verificables alineados ODS. Ejecución en mismo año.,5000000.0,25000000.0,CLP,,,https://santiago.diplo.de/cl-es,,26,1,2026-05-11 18:03:41
Japón GGP — Grant Assistance Grassroots,Embajada Japón,comunitario,abierto,Equipamiento e infraestructura. Útil para sala capacitación o jardín infantil.,30000000.0,75000000.0,CLP,,,https://www.cl.emb-japan.go.jp/itpr_es/cooperacion_apc.html,,26,1,2026-05-11 18:03:41
Fondo Mixto Chile-España,AGCID + AECID,mixto,proximo,"Cooperación triangular en LATAM. Innovación educativa post-pandemia, infancia.",30000000.0,100000000.0,CLP,,,https://www.agcid.gob.cl/index.php/fondo-chile-espana,,26,1,2026-05-11 18:03:41
Inter-American Foundation (IAF),Inter-American Foundation (USA),comunitario,abierto,"Grants 1-4 años para ONG locales LATAM. Educación, inclusión social. Aplicación ROLLING.",25000000.0,380000000.0,CLP,,,https://www.google.com/search?q=%22Inter-American%20Foundation%20%28IAF%29%22%20Inter-American%20Foundation%20%28USA%29%20postulaci%C3%B3n%202026,,26,1,2026-05-11 18:03:41
Fundación SM — Proyectos Educativos,Fundación SM (España),comunitario,abierto,"Investigación, formación docente, intervención en contextos vulnerables. Tienen oficina Chile.",10000000.0,80000000.0,CLP,,,https://cl.fundacion-sm.org/,,26,1,2026-05-11 18:03:41
Fundación Botín — Educación Responsable,Fundación Botín (España),comunitario,abierto,Red 700+ centros LATAM. Programa educación socioemocional escolar.,0.0,0.0,EUR,,,https://fundacionbotin.org/programas/educacion/,,26,1,2026-05-11 18:03:41
Fundación Mustakis — Fondos Innovación Educativa,Fundación Mustakis,comunitario,proximo,Sede en Temuco. Fondos para innovación educativa STEM y arte.,2000000.0,20000000.0,CLP,,,https://www.google.com/search?q=%22Fundaci%C3%B3n%20Mustakis%20%E2%80%94%20Fondos%20Innovaci%C3%B3n%20Educativa%22%20Fundaci%C3%B3n%20Mustakis%20postulaci%C3%B3n%202026,La Araucanía,26,0,2026-05-11 18:03:41
Fondo Social CMPC,Fundación CMPC,comunitario,proximo,Fondo regional para Maule a Los Lagos (incluye Araucanía). Cierre típico sep-oct.,500000.0,1200000.0,CLP,,,https://www.fundacioncmpc.cl/,La Araucanía,26,0,2026-05-11 18:03:41
Fundación Colunga — Transforma Colunga Huneeus,Fundación Colunga,comunitario,proximo,"8 proyectos x ~$80M CLP. Pobreza infantil, educación, innovación social. CORE HAK.",60000000.0,80000000.0,CLP,,,https://www.fundacioncolunga.org/,,26,0,2026-05-11 18:03:41
Fundación 99 — Educación Rural,Fundación 99,comunitario,abierto,"Innovación educativa rural, habilidades S.XXI. Aparece en perfil HAK como aliado/competidor.",0.0,0.0,CLP,,,https://fundacion99.org/,,26,0,2026-05-11 18:03:41
Fundación Luksic — Aspiraciones (Liceos TP),Fundación Luksic,comunitario,abierto,Programa para liceos técnico-profesionales. HAK puede asociarse para Araucanía (ya tienen Liceo Industrial Angol).,0.0,0.0,CLP,,,https://fundacionluksic.cl/,La Araucanía,26,0,2026-05-11 18:03:41
Fundación Caserta — Educación Integral Docentes,Fundación Caserta,comunitario,abierto,Proyectos sostenibilidad educacional. Potencial socio.,0.0,0.0,CLP,,,https://caserta.cl/proyectos/,,26,0,2026-05-11 18:03:41
Fondo Social Presidente de la República,SEGPRES / Intendencias,comunitario,abierto,"Fondos para organizaciones comunitarias. Proyectos sociales, culturales, deportivos.",500000.0,15000000.0,CLP,,,https://www.google.com/search?q=%22Fondo%20Social%20Presidente%20de%20la%20Rep%C3%BAblica%22%20SEGPRES%20/%20Intendencias%20postulaci%C3%B3n%202026,,20,0,2026-04-12 15:39:55
UNESCO — Programa de Participación,UNESCO,cultural,proximo,"Financiamiento para proyectos culturales, educativos y científicos. Accesible para organizaciones en países miembros.",10000.0,50000.0,USD,,,https://www.unesco.org/en/participation-programme,,20,1,2026-04-12 15:39:55
"ABIERTO Nacional Ministerio de las Culturas, las Artes y el Patrimonio PROGRAMA DE MEJORAMIENTO INTEGRAL DE BIBLIOTECAS PÚBLICAS (PMI) Beneficiarios/as: Organizaciones Fechas: Inicio: 09-03-2026 | Fin",ABIERTONacional,cultural,abierto,,2026.0,2026.0,CLP,09-03-2026,12-04-2026,https://www.fondos.gob.cl,,20,0,2026-04-12 16:02:09
Medio Ambiente,Medio Ambiente49 fondosVer fondos,mixto,desconocido,,,,CLP,,,https://www.fondos.gob.cl/searchernew/medio%20ambiente/,,20,0,2026-04-12 16:02:09
Arte y cultura,Arte y cultura136 fondosVer fondos,cultural,desconocido,,136.0,136.0,CLP,,,https://www.fondos.gob.cl/searchernew/arte%20y%20cultura/,,20,0,2026-04-12 16:02:09
"Ciudad, vivienda e Infraestructura","Ciudad, vivienda e Infraestructura2 fondosVer fondos",mixto,desconocido,,,,CLP,,,https://www.fondos.gob.cl/searchernew/ciudad%2c%20vivienda%20e%20infraestructura/,,20,0,2026-04-12 16:02:09
Ciencia y tecnología,Ciencia y tecnología23 fondosVer fondos,mixto,desconocido,,,,CLP,,,https://www.fondos.gob.cl/searchernew/ciencia%20y%20tecnolog%c3%ada/,,20,0,2026-04-12 16:02:09
Comunicación y difusión,Comunicación y difusión3 fondosVer fondos,mixto,desconocido,,,,CLP,,,https://www.fondos.gob.cl/searchernew/comunicaci%c3%b3n%20y%20difusi%c3%b3n/,,20,0,2026-04-12 16:02:09
Emprendimiento e Innovación,Emprendimiento e Innovación50 fondosVer fondos,mixto,desconocido,,,,CLP,,,https://www.fondos.gob.cl/searchernew/emprendimiento%20e%20innovaci%c3%b3n/,,20,0,2026-04-12 16:02:09
FONDART Regional Araucanía — Creación Artística,"Ministerio de las Culturas, Artes y el Patrimonio",cultural,desconocido,"Apoyo a la creación y producción artística regional. Líneas: creación, formación, circulación, residencias.",2000000.0,30000000.0,CLP,,,https://www.fondos.gob.cl/ficha/mincap/fondart-regional/,,20,0,2026-04-12 16:02:18
FONDECOV — Fondo Desarrollo Comunitario y Vecinal Temuco,Municipalidad de Temuco,comunitario,proximo,"Proyectos sociales, culturales, deportivos, medioambientales, infraestructura, seguridad ciudadana para organizaciones comunitarias de Temuco.",500000.0,10000000.0,CLP,,,https://www.temuco.cl/tramites-servicios/fondo-de-desarrollo-comunitario-y-vecinal-fondecov/,,20,0,2026-04-12 16:28:27
Subvención Municipal Directa Temuco,Municipalidad de Temuco,comunitario,abierto,"Subsidio directo a organizaciones para proyectos sociales, culturales, educativos o deportivos en la comuna de Temuco.",500000.0,5000000.0,CLP,,,https://www.temuco.cl/tramites-servicios/solicitud-subvencion-municipal-directa/,,20,0,2026-04-12 16:28:27
INJUV — Compromiso Joven,INJUV,comunitario,abierto,Financiamiento de proyectos sociales liderados por jóvenes (15-29 años) en 70 comunas. Incluye capacitación + ejecución de proyectos comunitarios.,500000.0,5000000.0,CLP,,,https://www.google.com/search?q=%22INJUV%20%E2%80%94%20Fondo%20Acci%C3%B3n%20Joven%20OMJ%22%20INJUV%20postulaci%C3%B3n%202026,,20,0,2026-04-12 16:28:27
OEI — Fondo Transformación Digital Educación y Cultura,Organización de Estados Iberoamericanos,mixto,proximo,"Financia proyectos de digitalización en educación, cultura, ciencia y derechos humanos en países iberoamericanos. Ronda anterior: 18 proyectos de 15 países, $3M USD total.",50000.0,300000.0,USD,,,https://oei.int/,,20,1,2026-04-12 16:28:27
Ashoka Fellowship — Innovación Social,Ashoka,comunitario,abierto,"Fellowship para emprendedores sociales con ideas innovadoras de impacto sistémico. No es un grant fijo: apoya con red global, credibilidad y recursos. Aplicación por nominación o auto-nominación continua.",,,USD,,,https://www.ashoka.org/en-us/program/ashoka-fellowship,,20,1,2026-04-12 16:28:27
Prince Claus Fund — Seed Award,Prince Claus Fund (Países Bajos),cultural,proximo,"EUR 5,000 para artistas y practicantes culturales emergentes de Africa, Asia, América Latina, Caribe, Medio Oriente y Europa del Este. Temas: Clima, Equidad, Libertad. 100 premiados anuales.",5000.0,5000.0,EUR,,,https://princeclausfund.nl/,,20,1,2026-04-12 16:28:27
CNTV — Fondo de Fomento Audiovisual,Consejo Nacional de Televisión,cultural,proximo,"Fondo para producción de programas televisivos de alto valor cultural: series históricas, ficción, no ficción, programas regionales, infantiles. Convocatoria anual, presupuesto 2025: $5.046M. Activo y verificado 2025.",5000000.0,200000000.0,CLP,,,https://cntv.cl/concurso-fondo-cntv/,,20,0,2026-04-12 20:36:11
Fondo de Protección Ambiental (FPA) — MMA,Ministerio del Medio Ambiente,comunitario,proximo,"Múltiples líneas: Proyectos Sustentables, Eco-Desafíos, Santuarios de la Naturaleza, Humedales, Establecimientos Educacionales, Pueblos Indígenas, Reciclaje. Hasta $21M. Activo 2025.",1000000.0,21000000.0,CLP,,,https://fondos.mma.gob.cl/fpa/,,20,0,2026-04-12 20:36:11
FONDEPORTE — Fondo Nacional de Fomento del Deporte,Instituto Nacional de Deportes,comunitario,proximo,"Financia proyectos deportivos comunitarios, clubes, actividad física. Presupuesto 2025: $3.599M. Convocatoria octubre-noviembre. Activo 2025.",500000.0,10000000.0,CLP,,,https://ind.cl/fondeporte/,,20,0,2026-04-12 20:36:11
Fondo de Medios de Comunicación Social — SEGEGOB,Ministerio Secretaría General de Gobierno / DOS,comunitario,proximo,"Financia medios de comunicación social regionales, provinciales y comunales. Prensa escrita, radio, TV regional. Presupuesto 2025: $2.443M. Activo, cerró abril 2025.",500000.0,20000000.0,CLP,,,https://fondodemedios.gob.cl/,,20,0,2026-04-12 20:36:11
Fondo para la Equidad de Género (FEG) — SERNAMEG,SERNAMEG / Ministerio de la Mujer,comunitario,proximo,"Financia proyectos que promuevan la equidad de género, prevención de violencia, autonomía económica de mujeres, liderazgo femenino. Activo 2025.",1500000.0,3000000.0,CLP,,,https://www.sernameg.gob.cl/,,20,0,2026-04-12 20:36:11
BHP Foundation — Efecto Colectivo (Chile),BHP Foundation,mixto,proximo,"Fondo de BHP para educación innovadora y comunidades. Línea educación: hasta USD 300,000. Línea norte (Fondo Norte Antofagasta): hasta CLP 180M para organizaciones de Antofagasta. Activo 2025.",5000000.0,180000000.0,CLP,,,https://www.bhp-foundation.org/en/programs-projects/chile-program/,,20,0,2026-04-12 20:36:11
Circular 33 DIPRES — Conservación y Reposición (vía GORE/Min. Minería),DIPRES (Oficio Circular N°33-2009),mixto,desconocido,"MECANISMO normativo (no fondo concursable). Regula asignación de recursos a GORE para: (1) emergencias, (2) activos no financieros, (3) estudios propios del giro institucional, (4) conservación de infraestructura. SERNAGEOMIN NO postula directamente a DIPRES — debe gestionar a través del Ministerio de Minería o del GORE Araucanía con proyecto inscrito en BIP. Útil para conservación de edificio (techo) y reposición de equipamiento, pero requiere gestión política previa.",5000000.0,500000000.0,CLP,,,http://www.dipres.gob.cl/598/w3-article-47841.html,La Araucanía,20,0,2026-04-22 04:45:45
[COLABORACIÓN] Banco Mundial — Gestión Riesgos Desastres Chile,World Bank Group,mixto,proximo,[COLABORACIÓN GOBIERNO-A-GOBIERNO] Bonos catastróficos USD 630M + línea de crédito contingente USD 150M. SERNAGEOMIN puede ser ejecutor técnico si el Ministerio de Hacienda activa el componente de monitoreo pre-evento. NO se postula — se activa vía Estado de Chile. VÍA DE ACCESO: representación sectorial Ministerio Minería ante Ministerio Hacienda.,500000.0,50000000.0,USD,,,https://www.bancomundial.org/es/country/chile/overview,Nacional,20,1,2026-04-22 04:53:17
FNDR Inversión Regional (2%) — Arica y Parinacota,GORE Arica y Parinacota,mixto,abierto,"FNDR 2% de inversión pública Región XV. Postulantes elegibles: Servicios Públicos, Municipalidades, Universidades Estatales. SERNAGEOMIN/OVDAS puede postular como servicio público nacional para equipamiento de estaciones de monitoreo volcánico en Arica y Parinacota. Requiere proyecto inscrito en BIP + recomendación técnica MIDEPLAN + aprobación CORE.",20000000.0,2000000000.0,CLP,,,https://www.google.com/search?q=FNDR+8%25+Arica+y+Parinacota+concurso+2026+postulaci%C3%B3n+site%3Agorearica.cl,Arica y Parinacota,20,0,2026-04-22 04:53:18
FNDR 6% Seguridad/Medioambiente — Arica y Parinacota,GORE Arica y Parinacota,comunitario,abierto,"FNDR 6% Región XV. Líneas: deporte, cultura, SEGURIDAD CIUDADANA, medioambiente. SERNAGEOMIN/OVDAS puede acceder bajo línea 'seguridad' si el monitoreo volcánico se clasifica como alerta temprana a población. Hasta $25M para municipios; hasta $5M para privados/organismos públicos.",2000000.0,25000000.0,CLP,,,https://www.google.com/search?q=FNDR+8%25+Arica+y+Parinacota+concurso+2026+postulaci%C3%B3n+site%3Agorearica.cl,Arica y Parinacota,20,0,2026-04-22 04:53:18
FNDR Inversión Regional (2%) — Tarapacá,GORE Tarapacá,mixto,abierto,"FNDR 2% de inversión pública Región I. Postulantes elegibles: Servicios Públicos, Municipalidades, Universidades Estatales. SERNAGEOMIN/OVDAS puede postular como servicio público nacional para equipamiento de estaciones de monitoreo volcánico en Tarapacá. Requiere proyecto inscrito en BIP + recomendación técnica MIDEPLAN + aprobación CORE.",20000000.0,2000000000.0,CLP,,,https://www.google.com/search?q=FNDR+8%25+Tarapac%C3%A1+concurso+2026+postulaci%C3%B3n+site%3Agoretarapaca.gov.cl,Tarapacá,20,0,2026-04-22 04:53:18
FNDR 6% Seguridad/Medioambiente — Tarapacá,GORE Tarapacá,comunitario,abierto,"FNDR 6% Región I. Líneas: deporte, cultura, SEGURIDAD CIUDADANA, medioambiente. SERNAGEOMIN/OVDAS puede acceder bajo línea 'seguridad' si el monitoreo volcánico se clasifica como alerta temprana a población. Hasta $25M para municipios; hasta $5M para privados/organismos públicos.",2000000.0,25000000.0,CLP,,,https://www.google.com/search?q=FNDR+8%25+Tarapac%C3%A1+concurso+2026+postulaci%C3%B3n+site%3Agoretarapaca.gov.cl,Tarapacá,20,0,2026-04-22 04:53:18
FNDR Inversión Regional (2%) — Antofagasta,GORE Antofagasta,mixto,abierto,"FNDR 2% de inversión pública Región II. Postulantes elegibles: Servicios Públicos, Municipalidades, Universidades Estatales. SERNAGEOMIN/OVDAS puede postular como servicio público nacional para equipamiento de estaciones de monitoreo volcánico en Antofagasta. Requiere proyecto inscrito en BIP + recomendación técnica MIDEPLAN + aprobación CORE.",20000000.0,2000000000.0,CLP,,,https://www.google.com/search?q=FNDR+8%25+Antofagasta+concurso+2026+postulaci%C3%B3n+site%3Agoreantofagasta.cl,Antofagasta,20,0,2026-04-22 04:53:18
FNDR 6% Seguridad/Medioambiente — Antofagasta,GORE Antofagasta,comunitario,abierto,"FNDR 6% Región II. Líneas: deporte, cultura, SEGURIDAD CIUDADANA, medioambiente. SERNAGEOMIN/OVDAS puede acceder bajo línea 'seguridad' si el monitoreo volcánico se clasifica como alerta temprana a población. Hasta $25M para municipios; hasta $5M para privados/organismos públicos.",2000000.0,25000000.0,CLP,,,https://www.google.com/search?q=FNDR+8%25+Antofagasta+concurso+2026+postulaci%C3%B3n+site%3Agoreantofagasta.cl,Antofagasta,20,0,2026-04-22 04:53:18
FNDR Inversión Regional (2%) — Atacama,GORE Atacama,mixto,abierto,"FNDR 2% de inversión pública Región III. Postulantes elegibles: Servicios Públicos, Municipalidades, Universidades Estatales. SERNAGEOMIN/OVDAS puede postular como servicio público nacional para equipamiento de estaciones de monitoreo volcánico en Atacama. Requiere proyecto inscrito en BIP + recomendación técnica MIDEPLAN + aprobación CORE.",20000000.0,2000000000.0,CLP,,,https://www.google.com/search?q=FNDR+8%25+Atacama+concurso+2026+postulaci%C3%B3n+site%3Agoreatacama.cl,Atacama,20,0,2026-04-22 04:53:18
FNDR 6% Seguridad/Medioambiente — Atacama,GORE Atacama,comunitario,abierto,"FNDR 6% Región III. Líneas: deporte, cultura, SEGURIDAD CIUDADANA, medioambiente. SERNAGEOMIN/OVDAS puede acceder bajo línea 'seguridad' si el monitoreo volcánico se clasifica como alerta temprana a población. Hasta $25M para municipios; hasta $5M para privados/organismos públicos.",2000000.0,25000000.0,CLP,,,https://www.google.com/search?q=FNDR+8%25+Atacama+concurso+2026+postulaci%C3%B3n+site%3Agoreatacama.cl,Atacama,20,0,2026-04-22 04:53:18
FNDR Inversión Regional (2%) — Biobío,GORE Biobío,mixto,abierto,"FNDR 2% de inversión pública Región VIII. Postulantes elegibles: Servicios Públicos, Municipalidades, Universidades Estatales. SERNAGEOMIN/OVDAS puede postular como servicio público nacional para equipamiento de estaciones de monitoreo volcánico en Biobío. Requiere proyecto inscrito en BIP + recomendación técnica MIDEPLAN + aprobación CORE.",20000000.0,2000000000.0,CLP,,,https://www.google.com/search?q=FNDR+8%25+Biob%C3%ADo+concurso+2026+postulaci%C3%B3n+site%3Agorebiobio.cl,Biobío,20,0,2026-04-22 04:53:18
FNDR 6% Seguridad/Medioambiente — Biobío,GORE Biobío,comunitario,abierto,"FNDR 6% Región VIII. Líneas: deporte, cultura, SEGURIDAD CIUDADANA, medioambiente. SERNAGEOMIN/OVDAS puede acceder bajo línea 'seguridad' si el monitoreo volcánico se clasifica como alerta temprana a población. Hasta $25M para municipios; hasta $5M para privados/organismos públicos.",2000000.0,25000000.0,CLP,,,https://www.google.com/search?q=FNDR+8%25+Biob%C3%ADo+concurso+2026+postulaci%C3%B3n+site%3Agorebiobio.cl,Biobío,20,0,2026-04-22 04:53:18
FNDR Inversión Regional (2%) — Los Ríos,GORE Los Ríos,mixto,abierto,"FNDR 2% de inversión pública Región XIV. Postulantes elegibles: Servicios Públicos, Municipalidades, Universidades Estatales. SERNAGEOMIN/OVDAS puede postular como servicio público nacional para equipamiento de estaciones de monitoreo volcánico en Los Ríos. Requiere proyecto inscrito en BIP + recomendación técnica MIDEPLAN + aprobación CORE.",20000000.0,2000000000.0,CLP,,,https://www.google.com/search?q=FNDR+8%25+Los+R%C3%ADos+concurso+2026+postulaci%C3%B3n+site%3Agorelosrios.cl,Los Ríos,20,0,2026-04-22 04:53:18
FNDR 6% Seguridad/Medioambiente — Los Ríos,GORE Los Ríos,comunitario,abierto,"FNDR 6% Región XIV. Líneas: deporte, cultura, SEGURIDAD CIUDADANA, medioambiente. SERNAGEOMIN/OVDAS puede acceder bajo línea 'seguridad' si el monitoreo volcánico se clasifica como alerta temprana a población. Hasta $25M para municipios; hasta $5M para privados/organismos públicos.",2000000.0,25000000.0,CLP,,,https://www.google.com/search?q=FNDR+8%25+Los+R%C3%ADos+concurso+2026+postulaci%C3%B3n+site%3Agorelosrios.cl,Los Ríos,20,0,2026-04-22 04:53:18
FNDR Inversión Regional (2%) — Los Lagos,GORE Los Lagos,mixto,abierto,"FNDR 2% de inversión pública Región X. Postulantes elegibles: Servicios Públicos, Municipalidades, Universidades Estatales. SERNAGEOMIN/OVDAS puede postular como servicio público nacional para equipamiento de estaciones de monitoreo volcánico en Los Lagos. Requiere proyecto inscrito en BIP + recomendación técnica MIDEPLAN + aprobación CORE.",20000000.0,2000000000.0,CLP,,,https://www.google.com/search?q=FNDR+8%25+Los+Lagos+concurso+2026+postulaci%C3%B3n+site%3Agoreloslagos.cl,Los Lagos,20,0,2026-04-22 04:53:18
FNDR 6% Seguridad/Medioambiente — Los Lagos,GORE Los Lagos,comunitario,abierto,"FNDR 6% Región X. Líneas: deporte, cultura, SEGURIDAD CIUDADANA, medioambiente. SERNAGEOMIN/OVDAS puede acceder bajo línea 'seguridad' si el monitoreo volcánico se clasifica como alerta temprana a población. Hasta $25M para municipios; hasta $5M para privados/organismos públicos.",2000000.0,25000000.0,CLP,,,https://www.google.com/search?q=FNDR+8%25+Los+Lagos+concurso+2026+postulaci%C3%B3n+site%3Agoreloslagos.cl,Los Lagos,20,0,2026-04-22 04:53:18
FNDR Inversión Regional (2%) — Aysén,GORE Aysén,mixto,abierto,"FNDR 2% de inversión pública Región XI. Postulantes elegibles: Servicios Públicos, Municipalidades, Universidades Estatales. SERNAGEOMIN/OVDAS puede postular como servicio público nacional para equipamiento de estaciones de monitoreo volcánico en Aysén. Requiere proyecto inscrito en BIP + recomendación técnica MIDEPLAN + aprobación CORE.",20000000.0,2000000000.0,CLP,,,https://www.google.com/search?q=FNDR+8%25+Ays%C3%A9n+concurso+2026+postulaci%C3%B3n+site%3Agoreaysen.cl,Aysén,20,0,2026-04-22 04:53:18
FNDR 6% Seguridad/Medioambiente — Aysén,GORE Aysén,comunitario,abierto,"FNDR 6% Región XI. Líneas: deporte, cultura, SEGURIDAD CIUDADANA, medioambiente. SERNAGEOMIN/OVDAS puede acceder bajo línea 'seguridad' si el monitoreo volcánico se clasifica como alerta temprana a población. Hasta $25M para municipios; hasta $5M para privados/organismos públicos.",2000000.0,25000000.0,CLP,,,https://www.google.com/search?q=FNDR+8%25+Ays%C3%A9n+concurso+2026+postulaci%C3%B3n+site%3Agoreaysen.cl,Aysén,20,0,2026-04-22 04:53:18
FNDR Inversión Regional (2%) — Magallanes,GORE Magallanes,mixto,abierto,"FNDR 2% de inversión pública Región XII. Postulantes elegibles: Servicios Públicos, Municipalidades, Universidades Estatales. SERNAGEOMIN/OVDAS puede postular como servicio público nacional para equipamiento de estaciones de monitoreo volcánico en Magallanes. Requiere proyecto inscrito en BIP + recomendación técnica MIDEPLAN + aprobación CORE.",20000000.0,2000000000.0,CLP,,,https://www.google.com/search?q=FNDR+8%25+Magallanes+concurso+2026+postulaci%C3%B3n+site%3Agoremagallanes.cl,Magallanes,20,0,2026-04-22 04:53:18
FNDR 6% Seguridad/Medioambiente — Magallanes,GORE Magallanes,comunitario,abierto,"FNDR 6% Región XII. Líneas: deporte, cultura, SEGURIDAD CIUDADANA, medioambiente. SERNAGEOMIN/OVDAS puede acceder bajo línea 'seguridad' si el monitoreo volcánico se clasifica como alerta temprana a población. Hasta $25M para municipios; hasta $5M para privados/organismos públicos.",2000000.0,25000000.0,CLP,,,https://www.google.com/search?q=FNDR+8%25+Magallanes+concurso+2026+postulaci%C3%B3n+site%3Agoremagallanes.cl,Magallanes,20,0,2026-04-22 04:53:18
ABIERTO Nacional Gobierno Regional de Antofagasta CONCURSO DE VINCULACIÓN CON LA COMUNIDAD 8% PARA GRANDES EVENTOS GOBIERNO REGIONAL DE ANTOFAGASTA AÑO 2026 - SEGUNDO LLAMADO Beneficiarios/as: Persona,ABIERTONacional,mixto,abierto,,,,CLP,21-04-2026,12-05-2026,https://www.fondos.gob.cl,,20,0,2026-05-06 04:17:50
"Deporte, salud y vida sana","Deporte, salud y vida sana5 fondosVer fondos",mixto,desconocido,,,,CLP,,,https://www.fondos.gob.cl/searchernew/deporte%2c%20salud%20y%20vida%20sana/,,20,0,2026-05-06 04:17:50
Participación Ciudadana,Participación Ciudadana19 fondosVer fondos,mixto,desconocido,,,,CLP,,,https://www.fondos.gob.cl/searchernew/participaci%c3%b3n%20ciudadana/,,20,0,2026-05-06 04:17:50
FOSIS — Programas de Acción Social,FOSIS,comunitario,proximo,"Fondo de Solidaridad e Inversión Social. Convoca a OTECs, fundaciones y consultoras para ejecutar programas.",5000000.0,100000000.0,CLP,,,https://www.fosis.gob.cl/es/postulaciones/,,20,0,2026-05-11 18:03:41
Fondo Concursable JUNJI — Capacitación Educadoras,JUNJI,comunitario,proximo,Convocatorias periódicas para capacitación de educadoras de jardines infantiles JUNJI. CORE HAK por giro.,3000000.0,50000000.0,CLP,,,https://www.google.com/search?q=%22Fondo%20Concursable%20JUNJI%20%E2%80%94%20Capacitaci%C3%B3n%20Educadoras%22%20JUNJI%20postulaci%C3%B3n%202026,,20,0,2026-05-11 18:03:41
FPA — Línea Establecimientos Educacionales,Ministerio del Medio Ambiente,comunitario,proximo,Fondo Protección Ambiental — proyectos sustentables en escuelas. Educación ambiental escolar.,6000000.0,6000000.0,CLP,,,https://fondos.mma.gob.cl/fpa-2026-proyectos-sustentables-en-establecimientos-educacionales/,,20,0,2026-05-11 18:03:41
Fondo Educación Previsional (FEP),Subsecretaría Previsión Social,comunitario,proximo,Fundaciones para hacer educación previsional a jóvenes/adultos. HAK podría línea EPJA.,3000000.0,30000000.0,CLP,,,https://previsionsocial.gob.cl/educacion-previsional/fondo-para-la-educacion-previsional/,,20,0,2026-05-11 18:03:41
SernamEG — Fondo Equidad de Género,Ministerio de la Mujer,comunitario,proximo,3 ejes: fortalecimiento interno / despliegue externo / desarrollo colaborativo. Educación con enfoque género.,1500000.0,3000000.0,CLP,,,https://www.sernameg.gob.cl/convocatoria-2025-fondo-para-la-equidad-de-genero/,,20,0,2026-05-11 18:03:41
Fondo Promoción Entornos Saludables — Elige Vivir Sano,MDS,comunitario,proximo,"Hábitos saludables, convivencia, deporte escolar. Aplica a fundaciones con 2+ años.",5000000.0,20000000.0,CLP,,,https://www.ventanillaunicasocial.gob.cl/ficha/330/fondo-concursable-promocion-entornos-saludables,,20,0,2026-05-11 18:03:41
Tinker Foundation — Institutional Grants,Tinker Foundation (USA),comunitario,proximo,"Educación primaria temprana 5-10 años, alfabetización y numeración. Chile incluido. CORE HAK.",30000000.0,100000000.0,CLP,,,https://tinker.org/institutional-grants-apply-page/,,20,1,2026-05-11 18:03:41
GlobalGiving — Plataforma internacional donaciones,GlobalGiving (USA),comunitario,abierto,Plataforma global; acceso a donantes corporativos US y crowdfunding. Requiere proceso de validación.,0.0,0.0,USD,,,https://www.globalgiving.org/aboutus/eligibility-requirements/,,20,1,2026-05-11 18:03:41
Fundación Mar Adentro — FMA Fund,Fundación Mar Adentro (Chile),ciencia,abierto,"Fondo para conservación de biodiversidad y monitoreo ecosistémico. Apoya investigación de campo, documentación de conocimiento indígena asociado a conservación. Implementación diciembre 2025 - agosto 2026.",1000000.0,6000000.0,CLP,,,https://fundacionmaradentro.cl/programas/,,12,0,2026-04-12 16:28:27
FRPD — Fondo Regional para la Productividad y Desarrollo,GORE La Araucanía,ciencia,proximo,"Dos líneas: Actividades Productivas (hasta $1.500M, 36 meses) e I+D Científico-Tecnológico (hasta $250M, 24 meses). Para instituciones privadas y organizaciones.",10000000.0,1500000000.0,CLP,,,https://gorearaucania.cl/fondo-regional-productividad-desarrollo,La Araucanía,10,0,2026-04-12 16:28:27
CORFO — Empresas de Mujeres: Participación y Crecimiento La Araucanía,CORFO / GORE La Araucanía,empresarial,abierto,"Programa regional 2026. Componentes: Activa Inversión (hasta $20M), PAR ($6M), Semilla Inicia ($19M), Viraliza (capacitación liderazgo y tecnología). Enfocado en empresas lideradas por mujeres.",6000000.0,20000000.0,CLP,,,https://www.google.com/search?q=%22CORFO%20%E2%80%94%20Empresas%20de%20Mujeres%3A%20Participaci%C3%B3n%20y%20Crecimiento%20La%20%22%20CORFO%20/%20GORE%20La%20Araucan%C3%ADa%20postulaci%C3%B3n%202026,La Araucanía,10,0,2026-04-12 16:28:27
FIC-R Araucanía — Innovación y Competitividad,GORE La Araucanía,ciencia,proximo,Fondo de Innovación para la Competitividad Regional. Financia proyectos de I+D+i con impacto en la región.,50000000.0,300000000.0,CLP,,,https://www.google.com/search?q=%22FIC-R%20Araucan%C3%ADa%20%E2%80%94%20Innovaci%C3%B3n%20y%20Competitividad%22%20GORE%20La%20Araucan%C3%ADa%20postulaci%C3%B3n%202026,La Araucanía,10,0,2026-04-22 04:45:44
"El Fondo Regional para la Productividad y el Desarrollo (FRPD) es un instrumento de financiamiento del Gobierno Regional de La Araucanía, creado en el marco de la Ley N.º 21.591 sobre Royalty Minero .",GORE La Araucanía,ciencia,desconocido,"El Fondo Regional para la Productividad y el Desarrollo (FRPD) es un instrumento de financiamiento del Gobierno Regional de La Araucanía, creado en el marco de la Ley N.º 21.591 sobre Royalty Minero . Su objetivo es impulsar el desarrollo productivo regional mediante el financiamiento de iniciativas que fortalezcan la economía local, apoyen a emprendedores, promuevan la adopción de nuevas tecnologías y potencien los sectores productivos del territorio, siempre en coherencia con la Estrategia Reg",,,CLP,,,https://gorearaucania.cl/storage/web/assets/f_r_p_d/Anexos%20FRPD%20(2).docx,La Araucanía,10,0,2026-05-06 04:22:00
Datos de Fondos Concursables para Organizaciones Sociales,Subsecretaría General de Gobierno,mixto,desconocido,"El vasto tejido asociativo del país constituye uno de los más importantes&nbsp;capitales con los que hoy cuenta nuestra sociedad, en tanto que&nbsp;sus múltiples y diversas expresiones (sociales, vecinales, juveniles,&nbsp;comunitarias, culturales, de mujeres, de voluntariado, indígenas,&nbsp;sindicales y ONGs, entre muchas más) actúan como un importante&nbsp;motor del desarrollo comunitario, aportando soluciones pertinentes y&nbsp;adecuadas, en tanto que estas organizaciones, en la mayoría de l",,,CLP,,,https://datos.gob.cl/dataset/30965,,6,0,2026-04-12 16:02:25
Fundación Luksic — Impulso Chileno,Fundación Luksic,empresarial,proximo,Fondo de la familia Luksic para educación técnica y emprendimiento. Hasta $5M por emprendedor/a. Convocatoria septiembre-octubre. Activo 2025.,1000000.0,5000000.0,CLP,,,https://www.fundacionluksic.cl/,,6,0,2026-04-12 20:36:11
Fundación Minera Escondida — AntofaEmprende,Fundación Minera Escondida (BHP),empresarial,proximo,Programa de emprendimiento e innovación para la Región de Antofagasta. Financiamiento de hasta $130M para proyectos productivos con impacto territorial. Activo 2026.,5000000.0,130000000.0,CLP,,,https://fme.cl/,Antofagasta,6,0,2026-04-12 20:36:11
IAVCEI — International Association of Volcanology,IAVCEI,ciencia,abierto,"Asociación internacional de volcanología. Grants para viáticos a congresos, investigación colaborativa, Early Career Researcher grants. IAVCEI Assembly 2025 en Ginebra. OVDAS es miembro institucional natural.",2000.0,30000.0,USD,,,https://www.iavceivolcano.org/,Nacional,6,1,2026-04-22 04:31:05
IAVCEI — Travel Grants (solo viáticos a congresos),IAVCEI,ciencia,cerrado,"ALCANCE LIMITADO: solo otorga viáticos y registros gratuitos para congresos IAVCEI. No financia investigación, equipamiento ni infraestructura. Convocatoria 2025 cerró noviembre 2024. Early Career Researcher grants. Útil para que investigadores de OVDAS asistan al IAVCEI Assembly 2025 (Ginebra, jun-jul).",2000.0,5000.0,USD,,,https://www.iavceivolcano.org/,Nacional,6,1,2026-04-22 04:45:45
[COLABORACIÓN] IAVCEI — Travel Grants & Scientific Collaboration,IAVCEI - International Association of Volcanology,ciencia,proximo,"[COLABORACIÓN RED CIENTÍFICA] Ofrece: (a) Travel Grants para congresos IAVCEI, (b) Early Career Researcher grants, (c) Commission-level collaboration. Montos pequeños pero con alto valor simbólico y de redes. Útil para capacitación de personal OVDAS + posicionamiento internacional. Convocatoria 2025 cerrada (nov 2024); próxima 2026-2027. IAVCEI Assembly 2025 en Ginebra.",2000.0,10000.0,USD,,,https://www.iavceivolcano.org/,Nacional,6,1,2026-04-22 04:53:17
OEI — Fondo Transformación Digital Educación,Organización Estados Iberoamericanos,ciencia,proximo,Subvenciones para innovación digital en educación. Línea ETP relevante a HAK.,5000000.0,50000000.0,CLP,,,https://oei.int/subvenciones,,6,1,2026-05-11 18:03:41
ProFuturo (Telefónica + La Caixa),Fundación Telefónica,ciencia,abierto,Aula digital para escuelas vulnerables. Modelo partnership directo (no concurso).,0.0,0.0,CLP,,,https://profuturo.education/paises/chile/,,6,1,2026-05-11 18:03:41
