score,priority,urgencia,horas_restantes,organismo,region,nombre,monto,cliente_previo,organismo_prioritario,oportunidad_estructural,establecimiento_red,matched_high,matched_medium,codigo,fecha_publicacion,fecha_cierre,url
60,ALTA,NORMAL,,ILUSTRE MUNICIPALIDAD DE PICHILEMU,Región del Libertador General Bernardo O´Higgins,CONTRATO DE SUMINISTRO PRODUCTOS DE VIDRIERÍA PARA EL DEPARTAMENTO DE EDUCACIÓN MUNICIPAL ESTABLECIMIENTOS EDUCACIONALES JARDINES INFANTILES AÑO 2026,10000000.0,False,False,FAEP municipios pre-traspaso a SLEP,,SEP · jardines infantiles · DAEM,JUNJI · FAEP,3928-47-LE26,2026-05-25T12:58:41.75,2026-06-08T17:00:00,https://www.mercadopublico.cl/Procurement/Modules/RFB/DetailsAcquisition.aspx?idlicitacion=3928-47-LE26
40,ALTA,NORMAL,,I MUNICIPALIDAD DE TEMUCO,Región de la Araucanía,P.129-202 SERVICIO DE PRODUCCION DE EVENTO HITO DE CIERRE PROYECTO DE CULTURA ARTES VIVAS DE PEDRO DE VALDIVIA PARA EL DIA 27 DE JUNIO DEL 2026 ,20000000.0,True,True,,,DIA,,1658-118-LE26,2026-05-15T17:09:09.113,2026-05-27T10:00:00,https://www.mercadopublico.cl/Procurement/Modules/RFB/DetailsAcquisition.aspx?idlicitacion=1658-118-LE26
40,MEDIA,NORMAL,,I MUNICIPALIDAD DE PADRE LAS CASAS,Región de la Araucanía,PROPUESTA 43 HABILITACIÓN PROYECTO FNDR,,False,True,FNDR 8% Vinculación con la Comunidad,,,FNDR,2546-35-LE26,2026-05-19T16:10:03.94,2026-06-04T12:00:00,https://www.mercadopublico.cl/Procurement/Modules/RFB/DetailsAcquisition.aspx?idlicitacion=2546-35-LE26
35,ALTA,NORMAL,,I MUNICIPALIDAD DE PUERTO MONTT,Región de los Lagos,LICITACION PUBLICA E-21 ADQUISICION DE MATERIAL DIDACTICO JARDINES INFANTILES DEPENDIENTES DEL DAEM DE PUERTO MONTT,30603272.0,False,True,,,jardines infantiles · DAEM,,2328-30-LE26,2026-05-18T12:05:12.827,2026-05-28T15:00:00,https://www.mercadopublico.cl/Procurement/Modules/RFB/DetailsAcquisition.aspx?idlicitacion=2328-30-LE26
30,ALTA,NORMAL,,FUNDACION EDUCACIONAL PARA EL DESAROLLO INTEGRAL DE LA NIÑEZ,Región de Los Ríos,RENOVACIÓN DE CERTIFICADOS DE SELLOS VERDE PARA 28 JARDINES INFANTILES Y SALAS CUNA DE FUNDACION INTEGRA EN LA REGION DE LOS RÍOS,4200000.0,False,False,,,jardines infantiles · salas cuna,Integra,707424-10-L126,2026-05-14T17:19:59.89,2026-05-27T15:00:00,https://www.mercadopublico.cl/Procurement/Modules/RFB/DetailsAcquisition.aspx?idlicitacion=707424-10-L126
30,ALTA,NORMAL,,SERVICIO LOCAL DE EDUCACIÓN PÚBLICA DE CHILOÉ,Región de los Lagos,CONVENIO DE SUMINISTRO DE ALMUERZOS PARA SALIDAS PEDAGÓGICAS EN LAS COMUNAS DE PUERTO MONTT Y CHONCHI,,False,True,,,salidas pedagógicas,servicio local de educación,1393093-65-LE26,2026-05-20T09:33:41.967,2026-06-01T16:00:00,https://www.mercadopublico.cl/Procurement/Modules/RFB/DetailsAcquisition.aspx?idlicitacion=1393093-65-LE26
28,MEDIA,NORMAL,,I MUNICIPALIDAD DE COLLIPULLI,Región de la Araucanía,SERVICIO DE CAPACITACIÓN “CURSO DE FORMACIÓN DE OPERADOR DE GRÚA HORQUILLA PARA USUARIOS DEL PROGRAMA OFICINA MUNICIPAL DE INTERMEDIACIÓN LABORAL DE LA MUNICIPALIDAD DE COLLIPULLI”,6800000.0,False,True,,,,capacitación · formación,701426-4-L126,2026-05-15T11:44:18.573,2026-05-27T16:00:00,https://www.mercadopublico.cl/Procurement/Modules/RFB/DetailsAcquisition.aspx?idlicitacion=701426-4-L126
25,ALTA,NORMAL,,FUNDACION EDUCACIONAL PARA EL DESAROLLO INTEGRAL DE LA NIÑEZ,Región del Maule,SERVICIO DE MANTENCION CORRECTIVA DE REDES DE GAS (GLP) PARA RENOVACION DE SELLOS VERDES EN JARDINES INFANTILES Y SALAS CUNA DE FUNDACIÓN INTEGRA EN LA REGION DEL MAULE,6911000.0,False,False,,,jardines infantiles · salas cuna,Integra,707420-10-L126,2026-05-19T17:17:51.483,2026-05-27T17:01:00,https://www.mercadopublico.cl/Procurement/Modules/RFB/DetailsAcquisition.aspx?idlicitacion=707420-10-L126
25,ALTA,NORMAL,,I MUNICIPALIDAD DE PUERTO MONTT,Región de los Lagos,LIC E-22 ADQUISICION DE RECURSOS LABORATORIO DE CIENCIAS LICEO INDUSTRIAL DEPENDIENTE DEL DAEM DE PUERTO MONTT,15708088.0,False,True,,,DAEM,,2328-31-LE26,2026-05-19T11:34:00,2026-05-29T15:30:00,https://www.mercadopublico.cl/Procurement/Modules/RFB/DetailsAcquisition.aspx?idlicitacion=2328-31-LE26
25,ALTA,NORMAL,,I MUNICIPALIDAD DE LOS ANGELES,Región del Biobío,PROVISIÓN E INSTALACIÓN DE CORTINAS PARA OFICINAS FOMENTO DIRECCIÓN DE MEDIO AMBIENTE Y CENTRO DÍA MUNICIPAL,,False,True,,,DIA,,2408-57-LE26,2026-05-18T15:15:50.397,2026-05-29T09:00:00,https://www.mercadopublico.cl/Procurement/Modules/RFB/DetailsAcquisition.aspx?idlicitacion=2408-57-LE26
25,ALTA,NORMAL,,I MUNICIPALIDAD DE LOS ANGELES,Región del Biobío,INVERNADERO ESTABLECIMIENTOS EDUCACIONALES - SEP,14500000.0,False,True,,,SEP,,2409-4-LE26,2026-05-18T17:03:26.853,2026-05-29T15:00:00,https://www.mercadopublico.cl/Procurement/Modules/RFB/DetailsAcquisition.aspx?idlicitacion=2409-4-LE26
25,ALTA,NORMAL,,I MUNICIPALIDAD DE FREIRE,Región de la Araucanía,“IMPLEMENTOS PARA MEJORAR CONEXIÓN DE INTERNET EN ESCUELA DE ALLIPEN” FONDOS SEP,,False,True,,,SEP,,3933-6-L126,2026-05-25T10:13:49.583,2026-06-01T17:30:00,https://www.mercadopublico.cl/Procurement/Modules/RFB/DetailsAcquisition.aspx?idlicitacion=3933-6-L126
25,ALTA,NORMAL,,MUNICIPALIDAD DE HUALPEN,Región del Biobío,ADQUISICION DE LA LICENCIA OPI DIGITAL PARA 11 ESTABLECIMIENTOS Y DAEM,5411112.0,False,True,,,DAEM,,4525-8-L126,2026-05-25T15:54:19.39,2026-06-01T15:30:00,https://www.mercadopublico.cl/Procurement/Modules/RFB/DetailsAcquisition.aspx?idlicitacion=4525-8-L126
25,MEDIA,NORMAL,,SERVICIO LOCAL DE EDUCACIÓN PÚBLICA DE ANDALIÉN COSTA,Región del Biobío,INSUMOS Y EQUIPAMIENTO INFORMÁTICO P01 SLEP AC,15940909.0,False,True,,,,SLEP · servicio local de educación,1305504-8-LE26,2026-05-20T10:30:00,2026-06-01T17:00:00,https://www.mercadopublico.cl/Procurement/Modules/RFB/DetailsAcquisition.aspx?idlicitacion=1305504-8-LE26
25,MEDIA,NORMAL,,SERVICIO LOCAL DE EDUCACIÓN PÚBLICA DE ANDALIÉN COSTA,Región del Biobío,SUMINISTRO DE IMPLEMENTOS DEPORTIVOS SLEP AC 2026,25000000.0,False,True,,,,SLEP · servicio local de educación,1389183-44-LE26,2026-05-19T11:58:02.17,2026-06-01T17:00:00,https://www.mercadopublico.cl/Procurement/Modules/RFB/DetailsAcquisition.aspx?idlicitacion=1389183-44-LE26
25,ALTA,NORMAL,,I MUNICIPALIDAD DE CHILLAN,Región del Biobío,Curso de perfeccionamiento sobre estrategias e instrumentos de evaluación para docentes,,False,True,,,perfeccionamiento,,2479-2-LS10,2010-12-17T10:43:32.547,,https://www.mercadopublico.cl/Procurement/Modules/RFB/DetailsAcquisition.aspx?idlicitacion=2479-2-LS10
25,ALTA,NORMAL,,I MUNICIPALIDAD DE NEGRETE,Región del Biobío,SUMINISTRO GENERAL DE FERRETERIA DAEM NEGRETE,30000000.0,False,True,,,DAEM,,4487-23-LE26,2026-05-20T12:21:53.75,2026-06-04T16:00:00,https://www.mercadopublico.cl/Procurement/Modules/RFB/DetailsAcquisition.aspx?idlicitacion=4487-23-LE26
23,MEDIA,NORMAL,,SERVICIO LOCAL DE EDUCACIÓN PÚBLICA DE LOS ÁLAMOS,Región del Maule,SERVICIO DE CAPACITACIÓN PARA LOS FUNCIONARIOS DEL SERVICIO LOCAL DE EDUCACIÓN PÚBLICA LOS ÁLAMOS,19999986.0,False,True,,,,servicio local de educación · capacitación,1389488-18-LE26,2026-05-19T10:37:21.377,2026-05-29T17:00:00,https://www.mercadopublico.cl/Procurement/Modules/RFB/DetailsAcquisition.aspx?idlicitacion=1389488-18-LE26
20,ALTA,NORMAL,,I MUNICIPALIDAD DE COELEMU,Región del Ñuble,INSTRUMENTOS MUSICALES ESTABLECIMIENTOS FONDOS SEP,7000000.0,False,True,,,SEP,,3785-15-L126,2026-05-22T10:49:59.72,2026-05-28T12:10:00,https://www.mercadopublico.cl/Procurement/Modules/RFB/DetailsAcquisition.aspx?idlicitacion=3785-15-L126
20,ALTA,NORMAL,,SERVICIO LOCAL DE EDUCACIÓN PÚBLICA DE COSTA CENTRAL,Región de Valparaíso,SUMINISTRO DE SALIDAS PEDAGÓGICAS,,False,False,,,salidas pedagógicas,SLEP · servicio local de educación,1305525-23-LP26,2026-05-22T16:13:34.763,2026-06-02T10:00:00,https://www.mercadopublico.cl/Procurement/Modules/RFB/DetailsAcquisition.aspx?idlicitacion=1305525-23-LP26
20,ALTA,NORMAL,,I MUNICIPALIDAD DE SANTA CRUZ,Región del Libertador General Bernardo O´Higgins,ADQ DE RADIOTRANSMISORES PARA ESCUELAS DAEM,,False,False,,,SEP · DAEM,,3863-28-LE26,2026-05-15T10:23:00,2026-05-29T09:00:00,https://www.mercadopublico.cl/Procurement/Modules/RFB/DetailsAcquisition.aspx?idlicitacion=3863-28-LE26
20,ALTA,NORMAL,,I MUNICIPALIDAD DE SAN NICOLAS,Región del Ñuble,ADQUISICIÓN DE EQUIPOS TECNOLÓGICOS PROGRAMA DE INTEGRACIÓN ESCOLAR DEL LICEO POLIVALENTE SAN NICOLÁS,25000000.0,False,True,,,programa de integración escolar,,4596-21-LE26,2026-05-22T12:39:41.297,2026-06-01T15:00:00,https://www.mercadopublico.cl/Procurement/Modules/RFB/DetailsAcquisition.aspx?idlicitacion=4596-21-LE26
20,MEDIA,NORMAL,,SERVICIO LOCAL DE EDUCACIÓN PÚBLICA DE LOS ÁLAMOS,Región del Maule,SERVICIO DE CONTROL INTEGRAL DE PLAGAS PARA ESTABLECIMIENTOS PERTENECIENTES AL SLEP LOS ÁLAMOS,,False,True,,,,SLEP · servicio local de educación,1389488-20-LE26,2026-05-19T15:33:15.173,2026-05-29T16:00:00,https://www.mercadopublico.cl/Procurement/Modules/RFB/DetailsAcquisition.aspx?idlicitacion=1389488-20-LE26
20,MEDIA,NORMAL,,I MUNICIPALIDAD DE LOS ANGELES,Región del Biobío,Cursos de capacitación PAC 2026,47900000.0,False,True,,,,capacitación,2410-12-LE26,2026-05-19T10:46:26.51,2026-06-02T10:00:00,https://www.mercadopublico.cl/Procurement/Modules/RFB/DetailsAcquisition.aspx?idlicitacion=2410-12-LE26
20,MEDIA,NORMAL,,I MUNICIPALIDAD DE LEBU,Región del Biobío,CAPACITACION PARA FUNCIONARIOS DE LA DOTACION EL DEPARTAMENTO DE SALUD ,15272534.0,False,True,,,,capacitación,3942-12-LE26,2026-05-19T15:21:53.77,2026-06-02T11:00:00,https://www.mercadopublico.cl/Procurement/Modules/RFB/DetailsAcquisition.aspx?idlicitacion=3942-12-LE26
20,ALTA,NORMAL,,JUNTA NACIONAL DE JARDINES         INFANTILES,Región de los Lagos,COMPRA LEÑA Y ASTILLAS PG 02 JUNJI R. DE LOS LAGOS,,False,False,,,jardines infantiles,JUNJI,853-12-LE26,2026-05-15T09:25:00,2026-05-29T17:00:00,https://www.mercadopublico.cl/Procurement/Modules/RFB/DetailsAcquisition.aspx?idlicitacion=853-12-LE26
20,MEDIA,NORMAL,,I MUNICIPALIDAD DE NACIMIENTO,Región del Biobío,Capacitación en contención emocional para docentes,22000000.0,False,True,,,,capacitación,4358-14-LE26,2026-05-26T17:27:36.04,2026-06-08T15:30:00,https://www.mercadopublico.cl/Procurement/Modules/RFB/DetailsAcquisition.aspx?idlicitacion=4358-14-LE26
15,ALTA,NORMAL,,INSTITUTO DE DESARROLLO AGROPECUARIO,Región de la Araucanía,SERV. ASE. PAE COOP. CAMPESINA MAPUCHE BUTACURA,30000000.0,False,False,,,mapuche,,741-8-LE26,2026-05-14T08:22:18.027,2026-05-27T15:30:00,https://www.mercadopublico.cl/Procurement/Modules/RFB/DetailsAcquisition.aspx?idlicitacion=741-8-LE26
15,ALTA,NORMAL,,FUNDACION EDUCACIONAL PARA EL DESAROLLO INTEGRAL DE LA NIÑEZ,Región del Ñuble,Contratación del Servicio de Desinsectación y Desratización para Jardines Infantiles Fundación Integra Región de Ñuble 2026.-,2325260.0,False,False,,,jardines infantiles,Integra,1072229-26-L126,2026-05-25T17:39:22.737,2026-06-01T15:00:00,https://www.mercadopublico.cl/Procurement/Modules/RFB/DetailsAcquisition.aspx?idlicitacion=1072229-26-L126
15,ALTA,NORMAL,,FUNDACION EDUCACIONAL PARA EL DESAROLLO INTEGRAL DE LA NIÑEZ,Región Metropolitana de Santiago,OBTENCIÓN DE SELLO VERDE PARA INSTALACIONES DE GAS DE JARDINES INFANTILES Y SALA CUNAS DE FUNDACIÓN INTEGRA.,6300000.0,False,False,,,jardines infantiles,Integra,707415-16-L126,2026-05-25T16:00:51.593,2026-06-01T15:01:00,https://www.mercadopublico.cl/Procurement/Modules/RFB/DetailsAcquisition.aspx?idlicitacion=707415-16-L126
15,ALTA,NORMAL,,SERVICIO LOCAL DE EDUCACIÓN PÚBLICA LOS PARQUES,Región Metropolitana de Santiago,Buses y minibuses para salidas pedagógicas,,False,False,,,salidas pedagógicas,servicio local de educación,1490160-24-LP26,2026-05-12T11:03:00,2026-06-01T16:00:00,https://www.mercadopublico.cl/Procurement/Modules/RFB/DetailsAcquisition.aspx?idlicitacion=1490160-24-LP26
15,ALTA,NORMAL,,JUNTA NACIONAL DE JARDINES         INFANTILES,Región del Biobío,SERVICIO DE MANTENCION Y RECARGA DE EXTINTORES JARDINES INFANTILES Y OFICINAS DE LA JUNTA NACIONAL DE JARDES INFANTILES BIOBIO,69681249.0,False,False,,,jardines infantiles,,1576-10-LE26,2026-05-20T16:47:03.457,2026-06-01T15:30:00,https://www.mercadopublico.cl/Procurement/Modules/RFB/DetailsAcquisition.aspx?idlicitacion=1576-10-LE26
15,ALTA,NORMAL,,I MUNICIPALIDAD DE SAN RAFAEL,Región del Maule,DAEM SAN RAFAEL,,False,False,,,DAEM,capacitación,3209-21-LE26,2026-05-25T17:21:08.29,2026-06-02T10:41:00,https://www.mercadopublico.cl/Procurement/Modules/RFB/DetailsAcquisition.aspx?idlicitacion=3209-21-LE26
15,ALTA,NORMAL,,CORP NACIONAL DE DESARROLLO INDIGENA,Región de la Araucanía,Actividades conmemorativas Mapuche IX Región,40000000.0,False,False,,,mapuche,,809-41-LE26,2026-05-22T11:28:00,2026-06-01T15:00:00,https://www.mercadopublico.cl/Procurement/Modules/RFB/DetailsAcquisition.aspx?idlicitacion=809-41-LE26
15,ALTA,NORMAL,,CORPORACION MUNICIPAL DE PENALOLEN PARA EL DESARROLO SOCIAL CORMUP,Región Metropolitana de Santiago,ASESORÍA FORMACIÓN PROFESIONAL DOCENTE 10032508,34950000.0,False,False,,,desarrollo profesional docente,formación,514862-77-LE26,2026-05-19T12:33:30.893,2026-06-01T18:00:00,https://www.mercadopublico.cl/Procurement/Modules/RFB/DetailsAcquisition.aspx?idlicitacion=514862-77-LE26
15,ALTA,NORMAL,,JUNTA NACIONAL DE JARDINES         INFANTILES,Región de Atacama,PLAN SC 60486 ARRIENDO IMPRESORAS JUNJI ATACAMA,12000000.0,False,False,,,jardines infantiles,JUNJI,846-16-LE26,2026-05-22T14:54:04.767,2026-06-02T18:00:00,https://www.mercadopublico.cl/Procurement/Modules/RFB/DetailsAcquisition.aspx?idlicitacion=846-16-LE26
15,ALTA,NORMAL,,CORP NACIONAL DE DESARROLLO INDIGENA,Región de la Araucanía,TALLERES DE LENGUA EN HOGARES MAPUCHE IX REGIÓN,,False,False,,,mapuche,,809-33-LP26,2026-05-22T12:57:00,2026-06-11T15:00:00,https://www.mercadopublico.cl/Procurement/Modules/RFB/DetailsAcquisition.aspx?idlicitacion=809-33-LP26
15,ALTA,NORMAL,,FUNDACION EDUCACIONAL PARA EL DESAROLLO INTEGRAL DE LA NIÑEZ,Región de Coquimbo,ADQUISICIÓN DE EQUIPAMIENTO F. INTEGRA COQUIMBO,36623731.0,False,False,,,jardines infantiles,Integra,707418-22-LE26,2026-05-18T15:46:43.107,2026-06-03T19:59:00,https://www.mercadopublico.cl/Procurement/Modules/RFB/DetailsAcquisition.aspx?idlicitacion=707418-22-LE26
10,MEDIA,NORMAL,,SERVICIO LOCAL DE EDUCACIÓN PÚBLICA ACONCAGUA,Región de Valparaíso,MATERIAL DIDACTICO EE.EE SLEP DEL ACONCAGUA,150000000.0,False,False,,,,SLEP · servicio local de educación,1501468-13-LP26,2026-05-07T13:00:04.743,2026-05-27T15:00:00,https://www.mercadopublico.cl/Procurement/Modules/RFB/DetailsAcquisition.aspx?idlicitacion=1501468-13-LP26
10,MEDIA,NORMAL,,SUBSECRETARIA DEL MEDIO AMBIENTE,Región de los Lagos,CONSULTORÍA FORMACIÓN DE MONITORES AMBIENTALES,9000000.0,False,False,,,,formación,610181-3-LE26,2026-05-15T13:06:27.703,2026-05-27T15:00:00,https://www.mercadopublico.cl/Procurement/Modules/RFB/DetailsAcquisition.aspx?idlicitacion=610181-3-LE26
10,ALTA,NORMAL,,Corporación Municipal de Cultura de San Clemente,Región del Maule,DIA DEL PATRIMONIO CULTURAL,,False,False,,,DIA,,1254658-8-E226,2026-05-22T10:24:27.23,2026-05-28T10:00:00,https://www.mercadopublico.cl/Procurement/Modules/RFB/DetailsAcquisition.aspx?idlicitacion=1254658-8-E226
10,ALTA,NORMAL,,I MUNICIPALIDAD DE TOCOPILLA,Región de Antofagasta,EN COMUNIDAD CELEBRAMOS EL DIA DEL PADRE,30000000.0,False,False,,,DIA,,3506-47-LE26,2026-05-18T09:38:47.39,2026-05-28T15:00:00,https://www.mercadopublico.cl/Procurement/Modules/RFB/DetailsAcquisition.aspx?idlicitacion=3506-47-LE26
10,ALTA,NORMAL,,I MUNICIPALIDAD DE EL TABO,Región de Valparaíso,SUMINISTRO DE MAT. DE FERRETERIA DAEM,90000000.0,False,False,,,DAEM,,4844-14-LP26,2026-05-12T17:29:04.09,2026-06-01T15:00:00,https://www.mercadopublico.cl/Procurement/Modules/RFB/DetailsAcquisition.aspx?idlicitacion=4844-14-LP26
10,ALTA,NORMAL,,I MUNICIPALIDAD DE EL TABO,Región de Valparaíso,ADQUISICIÓN DE EQUIPOS MENORES DAEM 2026,6900000.0,False,False,,,DAEM,,4844-15-L126,2026-05-20T17:06:09.687,2026-05-29T09:00:00,https://www.mercadopublico.cl/Procurement/Modules/RFB/DetailsAcquisition.aspx?idlicitacion=4844-15-L126
10,MEDIA,NORMAL,,I MUNICIPALIDAD DE PAINE,Región Metropolitana de Santiago,SERVICIO DE CAPACITACIÓN,6988895.0,False,False,,,,capacitación · formación,2790-32-L126,2026-05-25T13:09:01.28,2026-06-02T17:00:00,https://www.mercadopublico.cl/Procurement/Modules/RFB/DetailsAcquisition.aspx?idlicitacion=2790-32-L126
10,MEDIA,NORMAL,,CORP NACIONAL DE DESARROLLO INDIGENA,Región de los Lagos,LICITACION PUBLICA CAPACITACION Y ASISTENCIA TECNICA PARA BENEFICIARIOS  DEL CONCURSO PUBLICO EQUIPAMIENTO BASICO Y HABITABILIDAD DE PREDIOS ADQUIRIDOS YO  TRANSFERIDOS  REGION DE LOS LAGOS 2026,35000000.0,False,False,,,,capacitación,807-14-LE26,2026-05-19T16:06:18.013,2026-06-01T15:05:00,https://www.mercadopublico.cl/Procurement/Modules/RFB/DetailsAcquisition.aspx?idlicitacion=807-14-LE26
10,ALTA,NORMAL,,CORP MUNICIPAL DE DESARROLLO SOCIAL DE LAMPA,Región Metropolitana de Santiago,SERVICIOS INTEGRALES PARA SALIDAS PEDAGÓGICAS,415993050.0,False,False,,,salidas pedagógicas,,1271359-57-LR26,2026-05-14T17:28:33.333,2026-06-15T15:00:00,https://www.mercadopublico.cl/Procurement/Modules/RFB/DetailsAcquisition.aspx?idlicitacion=1271359-57-LR26
10,ALTA,NORMAL,,I MUNICIPALIDAD DE RANCAGUA,Región del Libertador General Bernardo O´Higgins,CELEBRACION DIA DEL DIRIGENTE A VECINAL 2026,34900000.0,False,False,,,DIA,,2402-44-LE26,2026-05-25T11:18:23.44,2026-06-04T10:00:00,https://www.mercadopublico.cl/Procurement/Modules/RFB/DetailsAcquisition.aspx?idlicitacion=2402-44-LE26
10,ALTA,NORMAL,,I MUNICIPALIDAD DE LAS CABRAS,Región del Libertador General Bernardo O´Higgins,Suministro de extintores Daem 2026,,False,False,,,DAEM,,3691-18-LE26,2026-05-26T10:13:30.15,2026-06-05T13:20:00,https://www.mercadopublico.cl/Procurement/Modules/RFB/DetailsAcquisition.aspx?idlicitacion=3691-18-LE26
10,ALTA,NORMAL,,I MUNICIPALIDAD DE PLACILLA,Región del Libertador General Bernardo O´Higgins,INSTALACION DE RESALTOS Y DEM. VIAL SECTOR RURAL,150705000.0,False,False,,,DEM,,3889-27-LP26,2026-05-15T13:39:13.857,2026-06-04T12:00:00,https://www.mercadopublico.cl/Procurement/Modules/RFB/DetailsAcquisition.aspx?idlicitacion=3889-27-LP26
10,ALTA,NORMAL,,I MUNICIPALIDAD DE SAN CLEMENTE,Región del Maule,Adquisición de material de enseñanza para establecimientos educacionales de la Comuna de San Clemente SC 413 DAEM.,,False,False,,,DAEM,,4404-34-LE26,2026-05-25T15:17:56.59,2026-06-04T11:09:00,https://www.mercadopublico.cl/Procurement/Modules/RFB/DetailsAcquisition.aspx?idlicitacion=4404-34-LE26
10,MEDIA,NORMAL,,INSTITUTO DE PREVISION SOCIAL,Región Metropolitana de Santiago,CURSOS DE CAPACITACIÓN Y FORMACIÓN COMPROMISOS IPS,66806000.0,False,False,,,,capacitación · formación,548874-50-LE26,2026-05-22T10:12:04.503,2026-06-05T15:30:00,https://www.mercadopublico.cl/Procurement/Modules/RFB/DetailsAcquisition.aspx?idlicitacion=548874-50-LE26
10,ALTA,NORMAL,,Ilustre Municipalidad de General Lagos,Región de Arica y Parinacota,ADQUISICIÓN DE REGALOS PARA EL DÍA DE LA FAMILIA,,False,False,,,DIA,,835727-17-LE26,2026-05-25T17:25:12.72,2026-06-04T16:36:00,https://www.mercadopublico.cl/Procurement/Modules/RFB/DetailsAcquisition.aspx?idlicitacion=835727-17-LE26
10,ALTA,NORMAL,,SERVICIO MEDICO LEGAL,Región Metropolitana de Santiago,CDP 106 Serv.Adm.Jardines Infantiles,13320000.0,False,False,,,jardines infantiles,,837-32-LE26,2026-05-26T12:07:08.987,2026-06-05T14:30:00,https://www.mercadopublico.cl/Procurement/Modules/RFB/DetailsAcquisition.aspx?idlicitacion=837-32-LE26
10,ALTA,NORMAL,,,,CELEBRACION DIA DE LOS PATRIMONIOS 2026 Orden de Compra generada por invitación a compra ágil: 1493-267-COT26,,False,False,,,DIA,,1493-337-AG26,,,https://www.mercadopublico.cl/Procurement/Modules/RFB/DetailsAcquisition.aspx?idlicitacion=1493-337-AG26
10,ALTA,NORMAL,,,,ADQ. de Alimentos Coordinadoras PIE 28/5/2026,,False,False,,,PIE,,4404-98-SE26,,,https://www.mercadopublico.cl/Procurement/Modules/RFB/DetailsAcquisition.aspx?idlicitacion=4404-98-SE26
10,MEDIA,NORMAL,,SERVICIO LOCAL DE EDUCACION PUBLICA DE COLCHAGUA,Región del Libertador General Bernardo O´Higgins,SERVICIO DE INTERNET DEDICADO Y OTROS E.E. SLEP,1323000000.0,False,False,,,,SLEP · servicio local de educación,1126920-25-LR26,2026-05-08T18:22:30.53,2026-06-08T15:29:00,https://www.mercadopublico.cl/Procurement/Modules/RFB/DetailsAcquisition.aspx?idlicitacion=1126920-25-LR26
10,MEDIA,NORMAL,,SERVICIO DE VIVIENDA Y URBANIZACION DE V,Región de Los Ríos,"33 LLAMADO PROGRAMA PAV PART., FNDR",,False,False,,,,FNDR,5751-5-O126,2026-05-12T11:40:00,2026-06-12T14:50:00,https://www.mercadopublico.cl/Procurement/Modules/RFB/DetailsAcquisition.aspx?idlicitacion=5751-5-O126
8,MEDIA,NORMAL,,INSTITUTO NACIONAL DE DESARROLLO SUSTENTABLE DE LA PESCA ARTESANAL Y A,Región Aysén del General Carlos Ibáñez del Campo,CAPACITACIÓN Y ADM. FONDOS INVERSIÓN - AYSÉN,308000000.0,False,False,,,,capacitación,1091793-7-LP26,2026-05-22T12:36:25.58,2026-06-08T15:01:00,https://www.mercadopublico.cl/Procurement/Modules/RFB/DetailsAcquisition.aspx?idlicitacion=1091793-7-LP26
5,MEDIA,NORMAL,,ASOCIACION DE MUNICIPIOS METROPOLITANOS PARA LA SEGURIDAD CIUDADANA,Región Metropolitana de Santiago,CURSO DE CAPACITACIÓN EN CONDUCCIÓN SEGURA,,False,False,,,,capacitación,1238177-15-LE26,2026-05-14T15:37:36.417,2026-05-27T18:00:00,https://www.mercadopublico.cl/Procurement/Modules/RFB/DetailsAcquisition.aspx?idlicitacion=1238177-15-LE26
5,MEDIA,NORMAL,,CORP NACIONAL FORESTAL,Región de Arica y Parinacota,Capacitación en emprendimiento CONAF Arica,65310000.0,False,False,,,,capacitación,1087-6-LE26,2026-05-20T09:46:14.12,2026-06-02T15:30:00,https://www.mercadopublico.cl/Procurement/Modules/RFB/DetailsAcquisition.aspx?idlicitacion=1087-6-LE26
5,MEDIA,NORMAL,,SERVICIO LOCAL DE EDUCACIÓN PÚBLICA SANTA CORINA,Región Metropolitana de Santiago,RENOVACION EQUIPOS DE CONECTIVIDAD ORDENAMIENTO Y ESTANDARIZACION DE RACKS DE COMUNICACIONES PARA ESTABLECIMIENTOS EDUCACIONALES PERTENECIENTE AL SERVICIO LOCAL DE EDUCACIÓN PÚBLICA SANTA CORINA,34600000.0,False,False,,,,servicio local de educación,1305544-31-LE26,2026-05-20T09:17:52.233,2026-06-01T15:01:00,https://www.mercadopublico.cl/Procurement/Modules/RFB/DetailsAcquisition.aspx?idlicitacion=1305544-31-LE26
5,MEDIA,NORMAL,,I MUNICIPALIDAD DE PAINE,Región Metropolitana de Santiago,CAPACITACIÓN EN INTERPRETACIÓN CURRICULAR Y DISEÑO DE INSTRUMENTOS DE EVALUACIÓN,,False,False,,,,capacitación,2789-23-LE26,2026-05-19T13:50:14.333,2026-05-29T15:02:00,https://www.mercadopublico.cl/Procurement/Modules/RFB/DetailsAcquisition.aspx?idlicitacion=2789-23-LE26
5,MEDIA,NORMAL,,I MUNICIPALIDAD DE RIO HURTADO,Región de Coquimbo,Servicio de Capacitación para Funcionarios Municipales,,False,False,,,,capacitación,3265-43-L126,2026-05-25T17:18:42.023,2026-06-02T09:30:00,https://www.mercadopublico.cl/Procurement/Modules/RFB/DetailsAcquisition.aspx?idlicitacion=3265-43-L126
5,MEDIA,NORMAL,,ILUSTRE MUNICIPALIDAD DE RIO VERDE,Región de Magallanes y de la Antártica,Capacitacion Taller de Hilado y teñido de Lana,,False,False,,,,capacitación,3595-17-LE26,2026-05-25T13:12:58.943,2026-06-01T15:00:00,https://www.mercadopublico.cl/Procurement/Modules/RFB/DetailsAcquisition.aspx?idlicitacion=3595-17-LE26
5,MEDIA,NORMAL,,SERVICIO NACIONAL DE PROTECCIÓN ESPECIALIZADA A LA NIÑEZ Y ADOLESCENCI,Región de Arica y Parinacota,CAPACITACION HERRAMIENTAS INTERVENCION EN CRISIS,,False,False,,,,capacitación,1207912-2-LE26,2026-05-26T13:10:32.92,2026-06-05T15:01:00,https://www.mercadopublico.cl/Procurement/Modules/RFB/DetailsAcquisition.aspx?idlicitacion=1207912-2-LE26
5,MEDIA,NORMAL,,I MUNICIPALIDAD DE ANTOFAGASTA,Región de Antofagasta,PLAN DE CAPACITACION AÑO 2025 ADQUISICION ,,False,False,,,,capacitación,2429-11-LE26,2026-05-25T15:50:00.013,2026-06-09T10:00:00,https://www.mercadopublico.cl/Procurement/Modules/RFB/DetailsAcquisition.aspx?idlicitacion=2429-11-LE26
5,MEDIA,NORMAL,,I MUNICIPALIDAD DE CONCON,Región de Valparaíso,MEJORAMIENTO CIRCUITO VIAL SANTA MARGARITA FNDR,449535000.0,False,False,,,,FNDR,2597-11-LR26,2026-04-13T16:26:21.383,2026-06-12T14:00:00,https://www.mercadopublico.cl/Procurement/Modules/RFB/DetailsAcquisition.aspx?idlicitacion=2597-11-LR26
5,MEDIA,NORMAL,,UNIVERSIDAD DE PLAYA ANCHA DE CIENCIAS DE LA EDUCACION,Región Metropolitana de Santiago,SC 39811 (CS)ADQUISICION DE EQUIPOS COMPUTACIONALES Y TECNOLOGICOS SOLICITADOS POR E.E POR PROYECTO MINEDUC-SLEP ,1371950.0,False,False,,,,SLEP,4469-75-L126,2026-05-26T17:53:59.813,2026-06-03T15:00:00,https://www.mercadopublico.cl/Procurement/Modules/RFB/DetailsAcquisition.aspx?idlicitacion=4469-75-L126
5,MEDIA,NORMAL,,UNIVERSIDAD DE PLAYA ANCHA DE CIENCIAS DE LA EDUCACION,Región Metropolitana de Santiago,"SC 39815 (CS) OTROS SERVICIOS NO CONSIDERADOS, SOLICITADOS POR E.E. ACOMPAÑADOS EN PROYECTO MINEDUC-SLEP",722365.0,False,False,,,,SLEP,4469-78-L126,2026-05-26T18:03:06.073,2026-06-03T15:00:00,https://www.mercadopublico.cl/Procurement/Modules/RFB/DetailsAcquisition.aspx?idlicitacion=4469-78-L126
5,MEDIA,NORMAL,,,,"ADQ. DE CURSO DE CAPACITACION ""TOMA DE MUESTRA"" CORRESPONDIENTE AL MES DE MAYO DE 2026",,False,False,,,,capacitación,3956-37-AG26,,,https://www.mercadopublico.cl/Procurement/Modules/RFB/DetailsAcquisition.aspx?idlicitacion=3956-37-AG26
5,MEDIA,NORMAL,,,,COMPRA REACTIVOS PARA EL MAGISTER EN CS. MEDICAS MENCION BIOLOGIA CELULAR Y MOLECULAR DE LA ESCUELA DE MEDICINA,,False,False,,,,magíster,4895-84-AG26,,,https://www.mercadopublico.cl/Procurement/Modules/RFB/DetailsAcquisition.aspx?idlicitacion=4895-84-AG26
